dominio,etapa,formato,ruta,filas,bytes,sha256
almacen,crudo,csv,crudo/almacen_crudo.csv,15466,1431012,4d71640f473e1b93ce2b0ebd34bf92f968a4cd3f448fa9486cd6109ecd4d8ae1
almacen,crudo,json,crudo/almacen_crudo.json,15466,4623464,76b6c47a3f6b8e3436d0b654d28f286679aa683930b83fe16f893bcc5ea0911f
almacen,crudo,xlsx,crudo/almacen_crudo.xlsx,15466,1056223,e6fd8c3e3db00a768df21403b6c2cfd866b2bfbda3847e1880fe8c443d3aaa30
compras,crudo,csv,crudo/compras_crudo.csv,7195,628838,154881d2a4543f2154b1edab2afe4d09b08bc40a42f645f4febea9f9bcd73cb0
compras,crudo,json,crudo/compras_crudo.json,7195,2101803,937a52fa7b89141e9b9f5c2628aade1b5c172698180fde847b4eadf2471abaf1
compras,crudo,xlsx,crudo/compras_crudo.xlsx,7195,497032,5557baaa26841db92a91d370e74a734a668cbe587918533efdfb559cca1c4161
ventas,crudo,csv,crudo/ventas_crudo.csv,15190,1327525,31533052a71dfeeda0a219a5e5f78bce93025336e2669a40bcf1eb0c69f4b387
ventas,crudo,json,crudo/ventas_crudo.json,15190,4465468,12231c94f5c04ec3c7fd63714da3124c4da75e83299f352f4773a64821e1e885
ventas,crudo,xlsx,crudo/ventas_crudo.xlsx,15190,842566,ac0c11338b1f1266b233e3b412f090a709709857ef93e7feeca4a88d8353493e
almacen,reconstruido,csv,reconstruido/almacen_smotenc.csv,17479,1615055,48f9f6627eb1b6e9ef6e433f98199fa4c5fa9613079f777ba0e9db92654b727b
almacen,reconstruido,json,reconstruido/almacen_smotenc.json,17479,5224479,c2be0f22617e7ca5124068979bbaa30f8678e5f2b7d089c22f529f2a30acdd80
almacen,reconstruido,xlsx,reconstruido/almacen_smotenc.xlsx,17479,1185720,5a90ec69231443530e7752043848e36c69b2d6704486e74351b29f3ff942bcdc
compras,reconstruido,csv,reconstruido/compras_smotenc.csv,7650,670399,ddc11e9c041b35d412facbab04130f1a359a80309d72c34f1a26c445c35cc7e3
compras,reconstruido,json,reconstruido/compras_smotenc.json,7650,2235508,bb755b084c088e2520b37661e6260265662805dd84576921577db32d02a05eb7
compras,reconstruido,xlsx,reconstruido/compras_smotenc.xlsx,7650,528511,360cd5f7fd8b6d6485b92dfd28ed9d6c294b19823dd74150d271edaefdab9b3a
ventas,reconstruido,csv,reconstruido/ventas_smotenc.csv,17479,1539709,5562255ed5292ab5ec14aa35d2070b0ce59ed8cd0df143bfc5af99422be29683
ventas,reconstruido,json,reconstruido/ventas_smotenc.json,17479,5147115,392fba11c5e3129c84e63e67633ec4f6ed5a0373b97b2e6bbb0ee68a6d8cf387
ventas,reconstruido,xlsx,reconstruido/ventas_smotenc.xlsx,17479,971914,d438ed1fb1e389f39cff1ad258818af37f6535d17d993faabf497acf8bdd13a8
