date,sales_total,dcoilwtico,year
2013-01-01,2511.619,93.14,2013
2013-01-02,496092.4,93.14,2013
2013-01-03,361461.22,92.97,2013
2013-01-04,354459.7,93.12,2013
2013-01-05,477350.12,93.12,2013
2013-01-06,519695.4,93.12,2013
2013-01-07,336122.8,93.2,2013
2013-01-08,318347.78,93.21,2013
2013-01-09,302530.8,93.08,2013
2013-01-10,258982.0,93.81,2013
2013-01-11,289737.7,93.6,2013
2013-01-12,403258.22,93.6,2013
2013-01-13,464638.56,93.6,2013
2013-01-14,293348.38,94.27,2013
2013-01-15,299129.56,93.26,2013
2013-01-16,318347.9,94.28,2013
2013-01-17,267498.53,95.49,2013
2013-01-18,296130.84,95.61,2013
2013-01-19,432459.84,95.61,2013
2013-01-20,461092.38,95.61,2013
2013-01-21,311211.28,95.61,2013
2013-01-22,296214.72,96.09,2013
2013-01-23,283258.47,95.06,2013
2013-01-24,247245.69,95.35,2013
2013-01-25,290022.78,95.15,2013
2013-01-26,413799.78,95.15,2013
2013-01-27,430412.0,95.15,2013
2013-01-28,285460.16,95.95,2013
2013-01-29,264488.8,97.62,2013
2013-01-30,281061.12,97.98,2013
2013-01-31,271254.22,97.65,2013
2013-02-01,369402.06,97.46,2013
2013-02-02,518887.47,97.46,2013
2013-02-03,486336.8,97.46,2013
2013-02-04,344308.72,96.21,2013
2013-02-05,321245.84,96.68,2013
2013-02-06,321538.2,96.44,2013
2013-02-07,290807.53,95.84,2013
2013-02-08,347441.78,95.71,2013
2013-02-09,416176.28,95.71,2013
2013-02-10,300951.34,95.71,2013
2013-02-11,278627.6,97.01,2013
2013-02-12,308800.78,97.48,2013
2013-02-13,319597.94,97.03,2013
2013-02-14,308164.03,97.3,2013
2013-02-15,320168.88,95.95,2013
2013-02-16,485660.5,95.95,2013
2013-02-17,399588.9,95.95,2013
2013-02-18,350745.56,95.95,2013
2013-02-19,293637.8,96.69,2013
2013-02-20,313803.16,94.92,2013
2013-02-21,267711.1,92.79,2013
2013-02-22,285679.88,93.12,2013
2013-02-23,412897.34,93.12,2013
2013-02-24,452726.12,93.12,2013
2013-02-25,307110.88,92.74,2013
2013-02-26,270425.0,92.63,2013
2013-02-27,288402.0,92.84,2013
2013-02-28,278116.28,92.03,2013
2013-03-01,378898.16,90.71,2013
2013-03-02,547857.2,90.71,2013
2013-03-03,559820.56,90.71,2013
2013-03-04,383647.7,90.13,2013
2013-03-05,332190.0,90.88,2013
2013-03-06,335726.6,90.47,2013
2013-03-07,293099.53,91.53,2013
2013-03-08,316600.7,92.01,2013
2013-03-09,453259.5,92.01,2013
2013-03-10,461859.75,92.01,2013
2013-03-11,318379.12,92.07,2013
2013-03-12,271823.38,92.44,2013
2013-03-13,287869.66,92.47,2013
2013-03-14,247541.42,93.03,2013
2013-03-15,315878.1,93.49,2013
2013-03-16,482233.44,93.49,2013
2013-03-17,513439.6,93.49,2013
2013-03-18,330283.8,93.71,2013
2013-03-19,294020.25,92.44,2013
2013-03-20,321207.0,93.21,2013
2013-03-21,269130.12,92.46,2013
2013-03-22,304100.47,93.41,2013
2013-03-23,453192.0,93.41,2013
2013-03-24,449794.62,93.41,2013
2013-03-25,317559.62,94.55,2013
2013-03-26,275818.25,95.99,2013
2013-03-27,313691.16,96.53,2013
2013-03-28,339293.28,97.24,2013
2013-03-29,345513.12,97.24,2013
2013-03-30,452661.34,97.24,2013
2013-03-31,462107.62,97.24,2013
2013-04-01,428816.44,97.1,2013
2013-04-02,377732.8,97.23,2013
2013-04-03,373731.06,95.02,2013
2013-04-04,308738.38,93.26,2013
2013-04-05,336394.78,92.76,2013
2013-04-06,509424.22,92.76,2013
2013-04-07,519048.38,92.76,2013
2013-04-08,346649.8,93.36,2013
2013-04-09,306335.8,94.18,2013
2013-04-10,312846.38,94.59,2013
2013-04-11,303223.4,93.44,2013
2013-04-12,314394.97,91.23,2013
2013-04-13,453442.5,91.23,2013
2013-04-14,478417.16,91.23,2013
2013-04-15,338712.47,88.75,2013
2013-04-16,333431.88,88.73,2013
2013-04-17,334990.53,86.65,2013
2013-04-18,281924.5,87.83,2013
2013-04-19,311588.72,88.04,2013
2013-04-20,459884.84,88.04,2013
2013-04-21,485721.03,88.04,2013
2013-04-22,328886.3,88.81,2013
2013-04-23,302097.84,89.21,2013
2013-04-24,310555.2,91.07,2013
2013-04-25,268790.62,93.27,2013
2013-04-26,304413.56,92.63,2013
2013-04-27,446665.34,92.63,2013
2013-04-28,477623.47,92.63,2013
2013-04-29,328795.88,94.09,2013
2013-04-30,310186.47,93.22,2013
2013-05-01,507974.62,90.74,2013
2013-05-02,348709.47,93.7,2013
2013-05-03,374291.25,95.25,2013
2013-05-04,520339.53,95.25,2013
2013-05-05,580268.56,95.25,2013
2013-05-06,369869.38,95.8,2013
2013-05-07,317292.97,95.28,2013
2013-05-08,332477.4,96.24,2013
2013-05-09,305868.06,96.09,2013
2013-05-10,335937.44,95.81,2013
2013-05-11,512090.6,95.81,2013
2013-05-12,387860.5,95.81,2013
2013-05-13,350598.06,94.76,2013
2013-05-14,308469.3,93.96,2013
2013-05-15,329113.56,93.95,2013
2013-05-16,307556.94,94.85,2013
2013-05-17,330004.25,95.72,2013
2013-05-18,480969.56,95.72,2013
2013-05-19,518153.56,95.72,2013
2013-05-20,341787.22,96.29,2013
2013-05-21,307178.4,95.55,2013
2013-05-22,301785.47,93.98,2013
2013-05-23,289261.06,94.12,2013
2013-05-24,398389.25,93.84,2013
2013-05-25,417930.16,93.84,2013
2013-05-26,450631.4,93.84,2013
2013-05-27,321630.84,93.84,2013
2013-05-28,307329.16,94.65,2013
2013-05-29,309333.38,93.13,2013
2013-05-30,304344.84,93.57,2013
2013-05-31,330257.84,91.93,2013
2013-06-01,566901.8,91.93,2013
2013-06-02,637698.5,91.93,2013
2013-06-03,426332.1,93.41,2013
2013-06-04,369705.16,93.36,2013
2013-06-05,361791.1,93.66,2013
2013-06-06,317496.75,94.71,2013
2013-06-07,357673.1,96.11,2013
2013-06-08,466292.7,96.11,2013
2013-06-09,526804.75,96.11,2013
2013-06-10,349754.28,95.82,2013
2013-06-11,283858.22,95.5,2013
2013-06-12,320173.56,95.98,2013
2013-06-13,282886.9,96.66,2013
2013-06-14,326956.75,97.83,2013
2013-06-15,505950.66,97.83,2013
2013-06-16,435894.1,97.83,2013
2013-06-17,370944.28,97.86,2013
2013-06-18,320885.34,98.46,2013
2013-06-19,319235.25,98.24,2013
2013-06-20,293877.94,94.89,2013
2013-06-21,319722.7,93.81,2013
2013-06-22,446347.3,93.81,2013
2013-06-23,504964.84,93.81,2013
2013-06-24,336631.97,95.07,2013
2013-06-25,305119.53,95.25,2013
2013-06-26,301847.25,95.47,2013
2013-06-27,266525.47,97.0,2013
2013-06-28,324210.97,96.36,2013
2013-06-29,509379.1,96.36,2013
2013-06-30,533481.7,96.36,2013
2013-07-01,441758.38,97.94,2013
2013-07-02,390958.38,99.65,2013
2013-07-03,374551.9,101.92,2013
2013-07-04,327020.2,101.92,2013
2013-07-05,351401.5,103.09,2013
2013-07-06,479514.5,103.09,2013
2013-07-07,500606.06,103.09,2013
2013-07-08,365453.0,103.03,2013
2013-07-09,317279.16,103.46,2013
2013-07-10,314134.88,106.41,2013
2013-07-11,281750.94,104.77,2013
2013-07-12,308786.44,105.85,2013
2013-07-13,432569.1,105.85,2013
2013-07-14,438722.4,105.85,2013
2013-07-15,348803.03,106.2,2013
2013-07-16,335516.22,105.88,2013
2013-07-17,324313.8,106.39,2013
2013-07-18,287074.88,107.94,2013
2013-07-19,313332.56,108.0,2013
2013-07-20,435497.72,108.0,2013
2013-07-21,437952.62,108.0,2013
2013-07-22,342802.3,106.61,2013
2013-07-23,316257.47,107.13,2013
2013-07-24,309243.78,105.41,2013
2013-07-25,298074.22,105.47,2013
2013-07-26,318745.7,104.76,2013
2013-07-27,423890.5,104.76,2013
2013-07-28,433358.66,104.76,2013
2013-07-29,331493.28,104.61,2013
2013-07-30,318554.0,103.14,2013
2013-07-31,357982.97,105.1,2013
2013-08-01,397555.3,107.93,2013
2013-08-02,393831.12,106.94,2013
2013-08-03,516956.84,106.94,2013
2013-08-04,514267.28,106.94,2013
2013-08-05,407033.8,106.61,2013
2013-08-06,357263.84,105.32,2013
2013-08-07,351302.12,104.41,2013
2013-08-08,310953.03,103.45,2013
2013-08-09,337521.66,106.04,2013
2013-08-10,434184.94,106.04,2013
2013-08-11,434720.3,106.04,2013
2013-08-12,349539.22,106.19,2013
2013-08-13,317103.34,106.78,2013
2013-08-14,324377.38,106.89,2013
2013-08-15,311043.16,107.43,2013
2013-08-16,364487.3,107.58,2013
2013-08-17,448835.3,107.58,2013
2013-08-18,464053.78,107.58,2013
2013-08-19,362085.53,107.14,2013
2013-08-20,343046.12,104.9,2013
2013-08-21,335724.66,103.93,2013
2013-08-22,306473.25,104.93,2013
2013-08-23,331906.38,106.48,2013
2013-08-24,420576.16,106.48,2013
2013-08-25,443694.1,106.48,2013
2013-08-26,347159.66,105.88,2013
2013-08-27,319688.22,109.11,2013
2013-08-28,319322.06,110.17,2013
2013-08-29,294518.7,108.51,2013
2013-08-30,354932.94,107.98,2013
2013-08-31,523631.38,107.98,2013
2013-09-01,640406.25,107.98,2013
2013-09-02,458792.97,107.98,2013
2013-09-03,397680.4,108.67,2013
2013-09-04,392565.5,107.29,2013
2013-09-05,330622.78,108.5,2013
2013-09-06,335442.25,110.62,2013
2013-09-07,518584.25,110.62,2013
2013-09-08,560852.0,110.62,2013
2013-09-09,377151.72,109.62,2013
2013-09-10,308074.47,107.48,2013
2013-09-11,323124.62,107.65,2013
2013-09-12,282855.72,108.72,2013
2013-09-13,319556.94,108.31,2013
2013-09-14,476364.0,108.31,2013
2013-09-15,532852.94,108.31,2013
2013-09-16,373229.84,106.54,2013
2013-09-17,327282.94,105.36,2013
2013-09-18,315687.72,108.23,2013
2013-09-19,279580.38,106.26,2013
2013-09-20,331846.9,104.7,2013
2013-09-21,468298.38,104.7,2013
2013-09-22,502068.7,104.7,2013
2013-09-23,356043.03,103.62,2013
2013-09-24,303333.4,103.22,2013
2013-09-25,312490.1,102.68,2013
2013-09-26,273057.88,103.1,2013
2013-09-27,320246.56,102.86,2013
2013-09-28,484903.7,102.86,2013
2013-09-29,522868.44,102.86,2013
2013-09-30,367068.44,102.36,2013
2013-10-01,436441.03,102.09,2013
2013-10-02,414455.66,104.15,2013
2013-10-03,348933.25,103.29,2013
2013-10-04,378109.97,103.83,2013
2013-10-05,540156.6,103.83,2013
2013-10-06,553031.44,103.83,2013
2013-10-07,373387.1,103.07,2013
2013-10-08,326726.72,103.54,2013
2013-10-09,322529.4,101.63,2013
2013-10-10,305047.1,103.08,2013
2013-10-11,402913.84,102.17,2013
2013-10-12,426379.7,102.17,2013
2013-10-13,481781.25,102.17,2013
2013-10-14,342694.72,102.46,2013
2013-10-15,305242.56,101.15,2013
2013-10-16,355696.97,102.34,2013
2013-10-17,312949.4,100.72,2013
2013-10-18,323327.88,100.87,2013
2013-10-19,488245.56,100.87,2013
2013-10-20,537713.5,100.87,2013
2013-10-21,348721.3,99.28,2013
2013-10-22,301641.78,97.63,2013
2013-10-23,323105.12,96.9,2013
2013-10-24,276059.1,96.65,2013
2013-10-25,317570.44,97.4,2013
2013-10-26,452902.38,97.4,2013
2013-10-27,512891.5,97.4,2013
2013-10-28,346941.9,98.74,2013
2013-10-29,302333.0,98.29,2013
2013-10-30,319494.72,96.81,2013
2013-10-31,298195.44,96.29,2013
2013-11-01,403637.22,94.56,2013
2013-11-02,540615.56,94.56,2013
2013-11-03,602796.56,94.56,2013
2013-11-04,424314.16,94.58,2013
2013-11-05,393322.2,93.4,2013
2013-11-06,386426.97,94.74,2013
2013-11-07,346293.34,94.25,2013
2013-11-08,358473.97,94.56,2013
2013-11-09,513850.3,94.56,2013
2013-11-10,587666.5,94.56,2013
2013-11-11,374087.9,95.13,2013
2013-11-12,373277.75,93.12,2013
2013-11-13,332279.25,93.91,2013
2013-11-14,284567.4,93.76,2013
2013-11-15,349383.28,93.8,2013
2013-11-16,524065.6,93.8,2013
2013-11-17,579209.25,93.8,2013
2013-11-18,391945.56,93.03,2013
2013-11-19,329455.28,93.35,2013
2013-11-20,354337.72,93.34,2013
2013-11-21,298047.06,95.35,2013
2013-11-22,340734.22,94.53,2013
2013-11-23,485544.3,94.53,2013
2013-11-24,550925.3,94.53,2013
2013-11-25,365965.5,93.86,2013
2013-11-26,323292.84,93.41,2013
2013-11-27,337083.28,92.05,2013
2013-11-28,305982.97,92.05,2013
2013-11-29,357000.4,92.55,2013
2013-11-30,541977.7,92.55,2013
2013-12-01,698217.1,92.55,2013
2013-12-02,495488.38,93.61,2013
2013-12-03,424438.03,95.83,2013
2013-12-04,424147.03,96.97,2013
2013-12-05,386406.8,97.14,2013
2013-12-06,432661.75,97.48,2013
2013-12-07,537181.3,97.48,2013
2013-12-08,588855.9,97.48,2013
2013-12-09,442309.3,97.1,2013
2013-12-10,414421.7,98.32,2013
2013-12-11,422957.2,97.25,2013
2013-12-12,384256.1,97.21,2013
2013-12-13,434657.0,96.27,2013
2013-12-14,554911.94,96.27,2013
2013-12-15,642015.75,96.27,2013
2013-12-16,516060.28,97.18,2013
2013-12-17,480470.72,96.99,2013
2013-12-18,527481.3,97.59,2013
2013-12-19,507461.03,98.4,2013
2013-12-20,544104.25,99.11,2013
2013-12-21,685673.06,99.11,2013
2013-12-22,696295.1,99.11,2013
2013-12-23,792865.3,98.62,2013
2013-12-24,620663.3,98.87,2013
2013-12-26,470731.16,99.18,2013
2013-12-27,479314.97,99.94,2013
2013-12-28,556952.3,99.94,2013
2013-12-29,499719.5,99.94,2013
2013-12-30,635134.75,98.9,2013
2013-12-31,507264.66,98.17,2013
2014-01-01,8602.065,98.17,2014
2014-01-02,801011.25,95.14,2014
2014-01-03,680672.9,93.66,2014
2014-01-04,936628.9,93.66,2014
2014-01-05,949618.8,93.66,2014
2014-01-06,602268.56,93.12,2014
2014-01-07,563450.6,93.31,2014
2014-01-08,636176.9,91.9,2014
2014-01-09,496377.94,91.36,2014
2014-01-10,543055.3,92.39,2014
2014-01-11,787321.44,92.39,2014
2014-01-12,844633.6,92.39,2014
2014-01-13,555547.0,91.45,2014
2014-01-14,502643.1,92.15,2014
2014-01-15,567067.5,93.78,2014
2014-01-16,502789.22,93.54,2014
2014-01-17,542937.94,93.96,2014
2014-01-18,786779.9,93.96,2014
2014-01-19,851735.3,93.96,2014
2014-01-20,575850.06,93.96,2014
2014-01-21,538817.2,94.51,2014
2014-01-22,553097.6,96.35,2014
2014-01-23,460789.03,97.23,2014
2014-01-24,526124.56,96.66,2014
2014-01-25,733881.0,96.66,2014
2014-01-26,814057.75,96.66,2014
2014-01-27,540798.8,95.82,2014
2014-01-28,481593.44,97.49,2014
2014-01-29,512854.0,97.34,2014
2014-01-30,453642.97,98.25,2014
2014-01-31,560816.2,97.55,2014
2014-02-01,648870.2,97.55,2014
2014-02-02,619805.56,97.55,2014
2014-02-03,461637.53,96.44,2014
2014-02-04,403189.6,97.24,2014
2014-02-05,399138.3,97.4,2014
2014-02-06,359139.1,97.84,2014
2014-02-07,389471.56,99.98,2014
2014-02-08,530128.06,99.98,2014
2014-02-09,520753.75,99.98,2014
2014-02-10,396622.75,100.12,2014
2014-02-11,358382.72,99.96,2014
2014-02-12,387758.4,100.38,2014
2014-02-13,347373.3,100.27,2014
2014-02-14,361206.4,100.31,2014
2014-02-15,538893.4,100.31,2014
2014-02-16,595300.25,100.31,2014
2014-02-17,412029.28,100.31,2014
2014-02-18,365331.25,102.54,2014
2014-02-19,360161.62,103.46,2014
2014-02-20,322451.9,103.2,2014
2014-02-21,369403.66,102.53,2014
2014-02-22,538206.06,102.53,2014
2014-02-23,487896.47,102.53,2014
2014-02-24,404224.2,103.17,2014
2014-02-25,351418.12,102.2,2014
2014-02-26,353604.28,102.93,2014
2014-02-27,330330.2,102.68,2014
2014-02-28,425624.78,102.88,2014
2014-03-01,911360.25,102.88,2014
2014-03-02,667413.06,102.88,2014
2014-03-03,613973.0,105.34,2014
2014-03-04,748930.9,103.64,2014
2014-03-05,741756.44,101.75,2014
2014-03-06,614082.44,101.82,2014
2014-03-07,598242.3,102.82,2014
2014-03-08,753345.25,102.82,2014
2014-03-09,916117.6,102.82,2014
2014-03-10,587414.8,101.39,2014
2014-03-11,539365.4,100.29,2014
2014-03-12,575676.8,98.29,2014
2014-03-13,473298.03,98.57,2014
2014-03-14,530515.25,99.23,2014
2014-03-15,731049.8,99.23,2014
2014-03-16,929808.5,99.23,2014
2014-03-17,612719.5,98.43,2014
2014-03-18,537427.9,100.08,2014
2014-03-19,585974.7,100.71,2014
2014-03-20,500897.12,99.68,2014
2014-03-21,548811.5,99.97,2014
2014-03-22,771704.94,99.97,2014
2014-03-23,838814.6,99.97,2014
2014-03-24,571762.06,100.05,2014
2014-03-25,539861.6,99.66,2014
2014-03-26,569680.56,100.61,2014
2014-03-27,468581.4,101.25,2014
2014-03-28,538905.8,101.73,2014
2014-03-29,822333.1,101.73,2014
2014-03-30,873958.8,101.73,2014
2014-03-31,651800.5,101.57,2014
2014-04-01,485079.88,99.69,2014
2014-04-02,463917.3,99.6,2014
2014-04-03,388867.97,100.29,2014
2014-04-04,422578.75,101.16,2014
2014-04-05,617680.2,101.16,2014
2014-04-06,631888.25,101.16,2014
2014-04-07,426091.1,100.43,2014
2014-04-08,376663.28,102.57,2014
2014-04-09,375309.1,103.55,2014
2014-04-10,334052.75,103.37,2014
2014-04-11,379646.84,103.68,2014
2014-04-12,529919.94,103.68,2014
2014-04-13,540190.3,103.68,2014
2014-04-14,381386.3,104.05,2014
2014-04-15,364689.06,103.7,2014
2014-04-16,411357.1,103.71,2014
2014-04-17,397464.84,104.33,2014
2014-04-18,394392.2,104.33,2014
2014-04-19,496904.75,104.33,2014
2014-04-20,520126.4,104.33,2014
2014-04-21,398677.4,104.35,2014
2014-04-22,370552.25,101.69,2014
2014-04-23,372232.6,101.47,2014
2014-04-24,320875.47,102.2,2014
2014-04-25,357173.72,100.85,2014
2014-04-26,497334.75,100.85,2014
2014-04-27,560508.44,100.85,2014
2014-04-28,362271.9,101.13,2014
2014-04-29,326338.34,101.56,2014
2014-04-30,357079.97,100.07,2014
2014-05-01,530380.9,99.69,2014
2014-05-02,443284.9,100.09,2014
2014-05-03,610391.75,100.09,2014
2014-05-04,646164.9,100.09,2014
2014-05-05,427601.72,99.74,2014
2014-05-06,388945.88,99.81,2014
2014-05-07,391932.2,101.06,2014
2014-05-08,337483.72,100.52,2014
2014-05-09,381335.2,100.32,2014
2014-05-10,577012.0,100.32,2014
2014-05-11,454512.94,100.32,2014
2014-05-12,398251.88,100.89,2014
2014-05-13,360734.53,102.01,2014
2014-05-14,356373.8,102.63,2014
2014-05-15,332272.84,101.74,2014
2014-05-16,380822.75,102.31,2014
2014-05-17,537873.94,102.31,2014
2014-05-18,634519.75,102.31,2014
2014-05-19,388814.75,102.95,2014
2014-05-20,354372.34,102.8,2014
2014-05-21,356898.47,104.31,2014
2014-05-22,310660.16,104.03,2014
2014-05-23,349549.9,105.01,2014
2014-05-24,516627.25,105.01,2014
2014-05-25,573412.2,105.01,2014
2014-05-26,373831.1,105.01,2014
2014-05-27,327642.16,104.78,2014
2014-05-28,338481.78,103.37,2014
2014-05-29,326624.56,104.26,2014
2014-05-30,375782.62,103.4,2014
2014-05-31,597192.44,103.4,2014
2014-06-01,742732.8,103.4,2014
2014-06-02,512725.78,103.07,2014
2014-06-03,443636.2,103.34,2014
2014-06-04,423284.5,103.27,2014
2014-06-05,359474.5,103.17,2014
2014-06-06,391266.12,103.32,2014
2014-06-07,557142.44,103.32,2014
2014-06-08,626026.94,103.32,2014
2014-06-09,415798.94,105.09,2014
2014-06-10,351689.44,105.02,2014
2014-06-11,373828.16,105.04,2014
2014-06-12,329408.06,107.2,2014
2014-06-13,392308.38,107.49,2014
2014-06-14,622073.0,107.49,2014
2014-06-15,441279.94,107.49,2014
2014-06-16,447450.25,107.52,2014
2014-06-17,380396.03,106.95,2014
2014-06-18,373408.66,106.64,2014
2014-06-19,332280.94,107.08,2014
2014-06-20,369206.78,107.95,2014
2014-06-21,538613.9,107.95,2014
2014-06-22,591184.1,107.95,2014
2014-06-23,414929.62,106.83,2014
2014-06-24,340464.75,106.64,2014
2014-06-25,355342.4,107.04,2014
2014-06-26,315798.2,106.49,2014
2014-06-27,370793.56,106.46,2014
2014-06-28,510870.8,106.46,2014
2014-06-29,567218.9,106.46,2014
2014-06-30,429324.06,106.07,2014
2014-07-01,720480.6,106.06,2014
2014-07-02,747430.1,105.18,2014
2014-07-03,583844.75,104.76,2014
2014-07-04,595424.3,104.76,2014
2014-07-05,817307.1,104.76,2014
2014-07-06,918276.6,104.76,2014
2014-07-07,638526.44,104.19,2014
2014-07-08,557291.5,104.06,2014
2014-07-09,574451.44,102.93,2014
2014-07-10,498047.56,103.61,2014
2014-07-11,535644.2,101.48,2014
2014-07-12,756698.75,101.48,2014
2014-07-13,733653.75,101.48,2014
2014-07-14,584867.1,101.73,2014
2014-07-15,562860.0,100.56,2014
2014-07-16,621336.5,101.88,2014
2014-07-17,498221.72,103.84,2014
2014-07-18,547619.06,103.83,2014
2014-07-19,728988.25,103.83,2014
2014-07-20,776474.1,103.83,2014
2014-07-21,600228.44,105.34,2014
2014-07-22,530276.06,104.59,2014
2014-07-23,574168.6,103.81,2014
2014-07-24,484618.8,102.76,2014
2014-07-25,579767.3,105.23,2014
2014-07-26,688919.56,105.23,2014
2014-07-27,747307.9,105.23,2014
2014-07-28,583936.7,105.68,2014
2014-07-29,524743.3,104.91,2014
2014-07-30,578056.94,104.29,2014
2014-07-31,532423.56,98.23,2014
2014-08-01,506826.78,97.86,2014
2014-08-02,626533.6,97.86,2014
2014-08-03,625898.2,97.86,2014
2014-08-04,471173.3,98.26,2014
2014-08-05,417197.47,97.34,2014
2014-08-06,402914.38,96.93,2014
2014-08-07,359701.53,97.34,2014
2014-08-08,397759.94,97.61,2014
2014-08-09,496192.78,97.61,2014
2014-08-10,509681.75,97.61,2014
2014-08-11,409544.56,98.09,2014
2014-08-12,353898.22,97.36,2014
2014-08-13,372116.53,97.57,2014
2014-08-14,340740.8,95.54,2014
2014-08-15,402631.84,97.3,2014
2014-08-16,533996.1,97.3,2014
2014-08-17,564443.2,97.3,2014
2014-08-18,433042.3,96.44,2014
2014-08-19,379329.94,94.35,2014
2014-08-20,398126.78,96.4,2014
2014-08-21,355108.88,93.97,2014
2014-08-22,388359.9,93.61,2014
2014-08-23,499678.22,93.61,2014
2014-08-24,528990.56,93.61,2014
2014-08-25,412250.06,95.39,2014
2014-08-26,355053.9,95.78,2014
2014-08-27,366321.5,95.82,2014
2014-08-28,327912.44,96.44,2014
2014-08-29,403288.9,97.86,2014
2014-08-30,586373.7,97.86,2014
2014-08-31,660088.2,97.86,2014
2014-09-01,812526.2,97.86,2014
2014-09-02,717351.56,92.92,2014
2014-09-03,726683.9,95.5,2014
2014-09-04,551340.06,94.51,2014
2014-09-05,603043.25,93.32,2014
2014-09-06,870139.44,93.32,2014
2014-09-07,997964.06,93.32,2014
2014-09-08,648651.75,92.64,2014
2014-09-09,562420.56,92.73,2014
2014-09-10,612987.5,91.71,2014
2014-09-11,483462.94,92.89,2014
2014-09-12,564382.9,92.18,2014
2014-09-13,795802.25,92.18,2014
2014-09-14,896501.56,92.18,2014
2014-09-15,630710.56,92.86,2014
2014-09-16,608240.0,94.91,2014
2014-09-17,617472.3,94.33,2014
2014-09-18,479500.84,93.07,2014
2014-09-19,550213.1,92.43,2014
2014-09-20,808490.75,92.43,2014
2014-09-21,901420.44,92.43,2014
2014-09-22,589120.3,91.46,2014
2014-09-23,559954.3,91.55,2014
2014-09-24,598183.1,93.6,2014
2014-09-25,466867.38,93.59,2014
2014-09-26,515474.22,95.55,2014
2014-09-27,781202.4,95.55,2014
2014-09-28,886531.8,95.55,2014
2014-09-29,586682.8,94.53,2014
2014-09-30,599093.94,91.17,2014
2014-10-01,784500.25,90.74,2014
2014-10-02,634306.5,91.02,2014
2014-10-03,675639.3,89.76,2014
2014-10-04,931317.5,89.76,2014
2014-10-05,985466.94,89.76,2014
2014-10-06,641480.75,90.33,2014
2014-10-07,586410.25,88.89,2014
2014-10-08,620201.3,87.29,2014
2014-10-09,510519.94,85.76,2014
2014-10-10,702470.3,85.87,2014
2014-10-11,748309.1,85.87,2014
2014-10-12,843971.1,85.87,2014
2014-10-13,611726.94,85.73,2014
2014-10-14,550589.56,81.72,2014
2014-10-15,624797.5,81.82,2014
2014-10-16,538252.6,82.33,2014
2014-10-17,558538.1,82.8,2014
2014-10-18,820840.94,82.8,2014
2014-10-19,935410.56,82.8,2014
2014-10-20,624630.0,82.76,2014
2014-10-21,542207.2,83.25,2014
2014-10-22,584926.4,80.52,2014
2014-10-23,492233.22,82.81,2014
2014-10-24,528403.7,81.27,2014
2014-10-25,758926.25,81.27,2014
2014-10-26,892128.5,81.27,2014
2014-10-27,572806.6,81.26,2014
2014-10-28,512678.8,81.36,2014
2014-10-29,560819.7,82.25,2014
2014-10-30,459715.28,81.06,2014
2014-10-31,561876.06,80.53,2014
2014-11-01,873539.25,80.53,2014
2014-11-02,709851.5,80.53,2014
2014-11-03,973192.06,78.77,2014
2014-11-04,702751.94,77.15,2014
2014-11-05,718799.94,78.71,2014
2014-11-06,566118.4,77.87,2014
2014-11-07,585330.25,78.71,2014
2014-11-08,816064.6,78.71,2014
2014-11-09,941478.44,78.71,2014
2014-11-10,593376.8,77.43,2014
2014-11-11,552505.75,77.85,2014
2014-11-12,588093.5,77.16,2014
2014-11-13,468057.38,74.13,2014
2014-11-14,553008.0,75.91,2014
2014-11-15,786124.2,75.91,2014
2014-11-16,956619.4,75.91,2014
2014-11-17,620876.3,75.64,2014
2014-11-18,553367.2,74.55,2014
2014-11-19,580234.0,74.55,2014
2014-11-20,511855.75,75.63,2014
2014-11-21,567978.75,76.52,2014
2014-11-22,763720.1,76.52,2014
2014-11-23,907432.7,76.52,2014
2014-11-24,610847.94,75.74,2014
2014-11-25,541225.6,74.04,2014
2014-11-26,579125.3,73.7,2014
2014-11-27,475823.9,73.7,2014
2014-11-28,559619.8,65.94,2014
2014-11-29,850925.1,65.94,2014
2014-11-30,1.02369125e+06,65.94,2014
2014-12-01,817413.56,68.98,2014
2014-12-02,735319.2,66.99,2014
2014-12-03,715127.6,67.3,2014
2014-12-04,578961.5,66.73,2014
2014-12-05,635445.1,65.89,2014
2014-12-06,829386.7,65.89,2014
2014-12-07,1.0138898e+06,65.89,2014
2014-12-08,790283.3,63.13,2014
2014-12-09,665123.94,63.74,2014
2014-12-10,732121.06,60.99,2014
2014-12-11,580542.2,60.01,2014
2014-12-12,642760.4,57.81,2014
2014-12-13,854830.9,57.81,2014
2014-12-14,999106.1,57.81,2014
2014-12-15,790182.94,55.96,2014
2014-12-16,799067.06,55.97,2014
2014-12-17,779966.5,56.43,2014
2014-12-18,731938.5,54.18,2014
2014-12-19,757349.4,56.91,2014
2014-12-20,935555.5,56.91,2014
2014-12-21,1.0566052e+06,56.91,2014
2014-12-22,1.0081434e+06,55.25,2014
2014-12-23,1.064978e+06,56.78,2014
2014-12-24,965982.9,55.7,2014
2014-12-26,872098.44,54.59,2014
2014-12-27,740596.2,54.59,2014
2014-12-28,716329.6,54.59,2014
2014-12-29,773998.4,53.46,2014
2014-12-30,912970.56,54.14,2014
2014-12-31,844380.5,53.45,2014
2015-01-01,12773.617,53.45,2015
2015-01-02,657763.4,52.72,2015
2015-01-03,648880.7,52.72,2015
2015-01-04,730923.75,52.72,2015
2015-01-05,569267.3,50.05,2015
2015-01-06,477886.75,47.98,2015
2015-01-07,494160.84,48.69,2015
2015-01-08,417482.7,48.8,2015
2015-01-09,439381.22,48.35,2015
2015-01-10,569956.94,48.35,2015
2015-01-11,694860.94,48.35,2015
2015-01-12,442845.53,46.06,2015
2015-01-13,393800.0,45.92,2015
2015-01-14,400923.97,48.49,2015
2015-01-15,371146.16,46.37,2015
2015-01-16,423599.94,48.49,2015
2015-01-17,621865.44,48.49,2015
2015-01-18,678277.06,48.49,2015
2015-01-19,448217.9,48.49,2015
2015-01-20,405308.78,46.79,2015
2015-01-21,413202.6,47.85,2015
2015-01-22,364862.53,45.93,2015
2015-01-23,416937.2,45.26,2015
2015-01-24,588849.9,45.26,2015
2015-01-25,631623.94,45.26,2015
2015-01-26,410009.62,44.8,2015
2015-01-27,360009.84,45.84,2015
2015-01-28,376935.9,44.08,2015
2015-01-29,343062.16,44.12,2015
2015-01-30,435899.66,47.79,2015
2015-01-31,656205.8,47.79,2015
2015-02-01,815294.5,47.79,2015
2015-02-02,538301.9,49.25,2015
2015-02-03,475249.84,53.04,2015
2015-02-04,451923.16,48.45,2015
2015-02-05,407491.97,50.48,2015
2015-02-06,437147.53,51.66,2015
2015-02-07,599911.6,51.66,2015
2015-02-08,622994.25,51.66,2015
2015-02-09,458002.16,52.99,2015
2015-02-10,400826.0,50.06,2015
2015-02-11,400115.34,48.8,2015
2015-02-12,384963.16,51.17,2015
2015-02-13,493265.47,52.66,2015
2015-02-14,562855.06,52.66,2015
2015-02-15,434886.66,52.66,2015
2015-02-16,420740.9,52.66,2015
2015-02-17,483088.12,53.56,2015
2015-02-18,497499.06,52.13,2015
2015-02-19,436360.9,51.12,2015
2015-02-20,483681.0,49.95,2015
2015-02-21,572753.06,49.95,2015
2015-02-22,691339.06,49.95,2015
2015-02-23,443349.9,49.56,2015
2015-02-24,407890.28,48.48,2015
2015-02-25,395774.97,50.25,2015
2015-02-26,354938.22,47.65,2015
2015-02-27,436488.44,49.84,2015
2015-02-28,635263.4,49.84,2015
2015-03-01,820435.0,49.84,2015
2015-03-02,546037.8,49.59,2015
2015-03-03,492365.25,50.43,2015
2015-03-04,483330.56,51.53,2015
2015-03-05,428599.8,50.76,2015
2015-03-06,463723.97,49.61,2015
2015-03-07,657377.2,49.61,2015
2015-03-08,659563.44,49.61,2015
2015-03-09,480371.94,49.95,2015
2015-03-10,457881.75,48.42,2015
2015-03-11,425617.72,48.06,2015
2015-03-12,382588.66,47.12,2015
2015-03-13,434806.0,44.88,2015
2015-03-14,616609.75,44.88,2015
2015-03-15,662700.9,44.88,2015
2015-03-16,466598.44,43.93,2015
2015-03-17,415359.53,43.39,2015
2015-03-18,398630.0,44.63,2015
2015-03-19,373324.38,44.02,2015
2015-03-20,467687.94,46.0,2015
2015-03-21,624099.25,46.0,2015
2015-03-22,646466.4,46.0,2015
2015-03-23,462664.25,47.4,2015
2015-03-24,407369.72,47.03,2015
2015-03-25,408258.2,48.75,2015
2015-03-26,367006.97,51.41,2015
2015-03-27,436906.6,48.83,2015
2015-03-28,589854.7,48.83,2015
2015-03-29,641213.75,48.83,2015
2015-03-30,437878.84,48.66,2015
2015-03-31,443278.9,47.72,2015
2015-04-01,557223.2,50.12,2015
2015-04-02,524588.9,49.13,2015
2015-04-03,510296.78,49.13,2015
2015-04-04,653894.2,49.13,2015
2015-04-05,659669.56,49.13,2015
2015-04-06,519734.8,52.08,2015
2015-04-07,464788.22,53.95,2015
2015-04-08,461140.22,50.44,2015
2015-04-09,398718.3,50.79,2015
2015-04-10,445869.3,51.63,2015
2015-04-11,610603.0,51.63,2015
2015-04-12,659939.0,51.63,2015
2015-04-13,453724.75,51.95,2015
2015-04-14,403623.4,53.3,2015
2015-04-15,438106.28,56.25,2015
2015-04-16,418643.2,56.69,2015
2015-04-17,456303.25,55.71,2015
2015-04-18,629155.7,55.71,2015
2015-04-19,684544.94,55.71,2015
2015-04-20,481694.78,56.37,2015
2015-04-21,426018.3,55.58,2015
2015-04-22,421108.22,56.17,2015
2015-04-23,392147.03,56.59,2015
2015-04-24,437625.5,55.98,2015
2015-04-25,588781.5,55.98,2015
2015-04-26,625901.0,55.98,2015
2015-04-27,425049.16,55.56,2015
2015-04-28,374839.2,57.05,2015
2015-04-29,398724.34,58.55,2015
2015-04-30,432612.16,59.62,2015
2015-05-01,674509.4,59.1,2015
2015-05-02,711052.25,59.1,2015
2015-05-03,742887.8,59.1,2015
2015-05-04,556245.1,58.92,2015
2015-05-05,509493.22,60.38,2015
2015-05-06,504999.56,60.93,2015
2015-05-07,444082.3,58.99,2015
2015-05-08,481304.22,59.41,2015
2015-05-09,706705.44,59.41,2015
2015-05-10,558062.25,59.41,2015
2015-05-11,524864.06,59.23,2015
2015-05-12,452162.88,60.72,2015
2015-05-13,446915.62,60.5,2015
2015-05-14,395609.66,59.89,2015
2015-05-15,483535.53,59.73,2015
2015-05-16,709798.56,59.73,2015
2015-05-17,798186.1,59.73,2015
2015-05-18,496595.0,59.44,2015
2015-05-19,446375.5,57.3,2015
2015-05-20,466238.62,58.96,2015
2015-05-21,417006.12,60.18,2015
2015-05-22,458727.9,58.88,2015
2015-05-23,658882.94,58.88,2015
2015-05-24,738068.44,58.88,2015
2015-05-25,534802.8,58.88,2015
2015-05-26,463132.4,57.29,2015
2015-05-27,481804.97,57.51,2015
2015-05-28,428506.88,57.69,2015
2015-05-29,560519.5,60.25,2015
2015-05-30,855728.3,60.25,2015
2015-05-31,1.02356475e+06,60.25,2015
2015-06-01,812081.2,60.24,2015
2015-06-02,753430.6,61.3,2015
2015-06-03,747929.44,59.67,2015
2015-06-04,608994.6,58.0,2015
2015-06-05,657675.1,59.11,2015
2015-06-06,904437.25,59.11,2015
2015-06-07,1.0706959e+06,59.11,2015
2015-06-08,696952.8,58.15,2015
2015-06-09,623725.1,60.15,2015
2015-06-10,641435.4,61.36,2015
2015-06-11,510019.16,60.74,2015
2015-06-12,606616.0,59.96,2015
2015-06-13,840727.75,59.96,2015
2015-06-14,967745.75,59.96,2015
2015-06-15,666557.1,59.53,2015
2015-06-16,672637.8,60.01,2015
2015-06-17,677171.2,59.89,2015
2015-06-18,556155.06,60.41,2015
2015-06-19,659233.56,59.62,2015
2015-06-20,936951.6,59.62,2015
2015-06-21,790568.44,59.62,2015
2015-06-22,701208.25,60.01,2015
2015-06-23,640322.3,61.05,2015
2015-06-24,643411.7,60.01,2015
2015-06-25,518700.97,59.59,2015
2015-06-26,593299.44,59.41,2015
2015-06-27,831492.44,59.41,2015
2015-06-28,976563.56,59.41,2015
2015-06-29,639072.2,58.34,2015
2015-06-30,669548.44,59.48,2015
2015-07-01,885953.2,56.94,2015
2015-07-02,705642.3,56.93,2015
2015-07-03,772773.4,56.93,2015
2015-07-04,1.0185418e+06,56.93,2015
2015-07-05,982427.7,56.93,2015
2015-07-06,754949.7,52.48,2015
2015-07-07,654821.06,52.33,2015
2015-07-08,732992.1,51.61,2015
2015-07-09,605032.5,52.76,2015
2015-07-10,643986.4,52.74,2015
2015-07-11,794984.7,52.74,2015
2015-07-12,898731.94,52.74,2015
2015-07-13,647967.06,52.19,2015
2015-07-14,601452.25,53.05,2015
2015-07-15,664505.1,51.4,2015
2015-07-16,584042.75,50.9,2015
2015-07-17,653452.2,50.88,2015
2015-07-18,826353.3,50.88,2015
2015-07-19,894707.3,50.88,2015
2015-07-20,685961.25,50.11,2015
2015-07-21,607836.5,50.59,2015
2015-07-22,631385.44,49.27,2015
2015-07-23,541511.44,48.11,2015
2015-07-24,635244.25,47.98,2015
2015-07-25,797427.5,47.98,2015
2015-07-26,875032.06,47.98,2015
2015-07-27,652999.2,47.17,2015
2015-07-28,594977.7,47.97,2015
2015-07-29,625450.0,48.77,2015
2015-07-30,543393.56,48.53,2015
2015-07-31,695083.44,47.11,2015
2015-08-01,1.0448948e+06,47.11,2015
2015-08-02,1.0434955e+06,47.11,2015
2015-08-03,811119.8,45.25,2015
2015-08-04,726613.4,45.75,2015
2015-08-05,724346.56,45.13,2015
2015-08-06,583375.2,44.69,2015
2015-08-07,663326.5,43.87,2015
2015-08-08,784099.2,43.87,2015
2015-08-09,679410.1,43.87,2015
2015-08-10,785477.94,44.94,2015
2015-08-11,668280.4,43.11,2015
2015-08-12,678064.75,43.22,2015
2015-08-13,557859.5,42.27,2015
2015-08-14,734484.2,42.45,2015
2015-08-15,936339.0,42.45,2015
2015-08-16,913846.6,42.45,2015
2015-08-17,694747.2,41.93,2015
2015-08-18,629475.6,42.58,2015
2015-08-19,653733.4,40.75,2015
2015-08-20,569443.7,41.0,2015
2015-08-21,653281.2,40.45,2015
2015-08-22,803270.2,40.45,2015
2015-08-23,865755.4,40.45,2015
2015-08-24,681576.0,38.22,2015
2015-08-25,624698.3,39.15,2015
2015-08-26,640076.0,38.5,2015
2015-08-27,548043.3,42.47,2015
2015-08-28,635737.25,45.29,2015
2015-08-29,876953.1,45.29,2015
2015-08-30,975697.6,45.29,2015
2015-08-31,776152.56,49.2,2015
2015-09-01,906550.0,45.38,2015
2015-09-02,879033.06,46.3,2015
2015-09-03,707093.06,46.75,2015
2015-09-04,736395.3,46.02,2015
2015-09-05,1.0528684e+06,46.02,2015
2015-09-06,1.1476426e+06,46.02,2015
2015-09-07,767382.75,46.02,2015
2015-09-08,677312.25,45.92,2015
2015-09-09,705633.5,44.13,2015
2015-09-10,577743.8,45.85,2015
2015-09-11,651330.2,44.75,2015
2015-09-12,921524.44,44.75,2015
2015-09-13,1.0233453e+06,44.75,2015
2015-09-14,688405.2,44.07,2015
2015-09-15,682134.4,44.58,2015
2015-09-16,742089.7,47.12,2015
2015-09-17,593577.8,46.93,2015
2015-09-18,653805.9,44.71,2015
2015-09-19,935893.5,44.71,2015
2015-09-20,1.0375329e+06,44.71,2015
2015-09-21,717725.4,46.67,2015
2015-09-22,641914.75,46.17,2015
2015-09-23,690419.75,44.53,2015
2015-09-24,557321.6,44.94,2015
2015-09-25,646083.9,45.55,2015
2015-09-26,890486.06,45.55,2015
2015-09-27,1.01806294e+06,45.55,2015
2015-09-28,671261.06,44.4,2015
2015-09-29,609130.7,45.24,2015
2015-09-30,711182.56,45.06,2015
2015-10-01,796340.9,44.75,2015
2015-10-02,830719.4,45.54,2015
2015-10-03,1.1793761e+06,45.54,2015
2015-10-04,1.2341309e+06,45.54,2015
2015-10-05,809524.8,46.28,2015
2015-10-06,696169.25,48.53,2015
2015-10-07,720562.3,47.86,2015
2015-10-08,603066.0,49.46,2015
2015-10-09,873934.75,49.67,2015
2015-10-10,867557.0,49.67,2015
2015-10-11,973329.2,49.67,2015
2015-10-12,721634.56,47.09,2015
2015-10-13,585141.56,46.7,2015
2015-10-14,688198.1,46.63,2015
2015-10-15,577952.2,46.38,2015
2015-10-16,693829.4,47.3,2015
2015-10-17,958052.94,47.3,2015
2015-10-18,1.0714771e+06,47.3,2015
2015-10-19,699259.5,45.91,2015
2015-10-20,660308.4,45.84,2015
2015-10-21,672847.4,45.22,2015
2015-10-22,547020.06,44.9,2015
2015-10-23,639040.6,43.91,2015
2015-10-24,859950.7,43.91,2015
2015-10-25,1.0187831e+06,43.91,2015
2015-10-26,649914.4,43.19,2015
2015-10-27,587066.1,43.21,2015
2015-10-28,599388.1,45.93,2015
2015-10-29,511860.06,46.02,2015
2015-10-30,635875.9,46.6,2015
2015-10-31,915956.9,46.6,2015
2015-11-01,819250.4,46.6,2015
2015-11-02,762549.8,46.12,2015
2015-11-03,1.0334391e+06,47.88,2015
2015-11-04,855494.44,46.32,2015
2015-11-05,649662.7,45.27,2015
2015-11-06,671145.8,44.32,2015
2015-11-07,929723.4,44.32,2015
2015-11-08,1.077362e+06,44.32,2015
2015-11-09,683644.9,43.87,2015
2015-11-10,623529.2,44.23,2015
2015-11-11,689746.2,42.95,2015
2015-11-12,506937.66,41.74,2015
2015-11-13,626674.0,40.69,2015
2015-11-14,867597.3,40.69,2015
2015-11-15,1.0561595e+06,40.69,2015
2015-11-16,716508.7,41.68,2015
2015-11-17,618920.0,40.73,2015
2015-11-18,683954.2,40.75,2015
2015-11-19,560452.56,40.55,2015
2015-11-20,665619.7,39.39,2015
2015-11-21,863726.9,39.39,2015
2015-11-22,1.0158443e+06,39.39,2015
2015-11-23,696685.44,39.27,2015
2015-11-24,612710.2,40.89,2015
2015-11-25,658917.8,41.22,2015
2015-11-26,530358.3,41.22,2015
2015-11-27,645087.06,40.57,2015
2015-11-28,850596.0,40.57,2015
2015-11-29,1.0706198e+06,40.57,2015
2015-11-30,762036.1,40.43,2015
2015-12-01,857620.94,40.58,2015
2015-12-02,867269.56,39.93,2015
2015-12-03,676883.0,41.08,2015
2015-12-04,749354.1,40.0,2015
2015-12-05,966202.4,40.0,2015
2015-12-06,1.1431194e+06,40.0,2015
2015-12-07,822334.7,37.64,2015
2015-12-08,712569.2,37.46,2015
2015-12-09,747893.8,37.16,2015
2015-12-10,657427.2,36.76,2015
2015-12-11,708392.8,35.65,2015
2015-12-12,915667.9,35.65,2015
2015-12-13,1.0594254e+06,35.65,2015
2015-12-14,811613.75,36.31,2015
2015-12-15,779809.94,37.32,2015
2015-12-16,859930.25,35.55,2015
2015-12-17,809809.75,34.98,2015
2015-12-18,893569.9,34.72,2015
2015-12-19,1.0955235e+06,34.72,2015
2015-12-20,1.175417e+06,34.72,2015
2015-12-21,1.0728875e+06,34.55,2015
2015-12-22,1.1418619e+06,36.12,2015
2015-12-23,1.196146e+06,36.76,2015
2015-12-24,1.0836804e+06,37.62,2015
2015-12-26,946725.2,37.62,2015
2015-12-27,837714.1,37.62,2015
2015-12-28,789684.94,36.36,2015
2015-12-29,870762.0,37.88,2015
2015-12-30,1.03004375e+06,36.59,2015
2015-12-31,964641.56,37.13,2015
2016-01-01,16433.395,37.13,2016
2016-01-02,1.0666774e+06,37.13,2016
2016-01-03,1.2267358e+06,37.13,2016
2016-01-04,955956.9,36.81,2016
2016-01-05,835320.44,35.97,2016
2016-01-06,821685.7,33.97,2016
2016-01-07,653504.4,33.29,2016
2016-01-08,713608.3,33.2,2016
2016-01-09,989209.44,33.2,2016
2016-01-10,1.0946939e+06,33.2,2016
2016-01-11,705495.25,31.42,2016
2016-01-12,647058.44,30.42,2016
2016-01-13,660045.3,30.42,2016
2016-01-14,561972.6,31.22,2016
2016-01-15,671027.1,29.45,2016
2016-01-16,959827.1,29.45,2016
2016-01-17,1.0579974e+06,29.45,2016
2016-01-18,709784.25,29.45,2016
2016-01-19,630929.75,28.47,2016
2016-01-20,738744.0,26.68,2016
2016-01-21,552820.75,29.55,2016
2016-01-22,648431.44,32.07,2016
2016-01-23,906754.8,32.07,2016
2016-01-24,980927.75,32.07,2016
2016-01-25,658090.7,30.31,2016
2016-01-26,609465.8,29.54,2016
2016-01-27,647254.7,32.32,2016
2016-01-28,533709.9,33.21,2016
2016-01-29,660492.75,33.66,2016
2016-01-30,969938.4,33.66,2016
2016-01-31,1.0932112e+06,33.66,2016
2016-02-01,872063.3,31.62,2016
2016-02-02,765233.2,29.9,2016
2016-02-03,772360.94,32.29,2016
2016-02-04,650328.2,31.63,2016
2016-02-05,768586.5,30.86,2016
2016-02-06,941954.06,30.86,2016
2016-02-07,697791.6,30.86,2016
2016-02-08,636542.7,29.71,2016
2016-02-09,746939.6,27.96,2016
2016-02-10,790988.7,27.54,2016
2016-02-11,646376.4,26.19,2016
2016-02-12,698152.06,29.32,2016
2016-02-13,859023.0,29.32,2016
2016-02-14,940214.5,29.32,2016
2016-02-15,746671.3,29.32,2016
2016-02-16,719111.9,29.05,2016
2016-02-17,723794.75,30.68,2016
2016-02-18,570072.7,30.77,2016
2016-02-19,672510.1,29.59,2016
2016-02-20,883790.2,29.59,2016
2016-02-21,991384.25,29.59,2016
2016-02-22,698907.6,31.37,2016
2016-02-23,641329.06,31.84,2016
2016-02-24,675573.4,30.35,2016
2016-02-25,557959.3,31.4,2016
2016-02-26,641922.8,31.65,2016
2016-02-27,916704.06,31.65,2016
2016-02-28,994502.75,31.65,2016
2016-02-29,726619.75,32.74,2016
2016-03-01,897927.6,34.39,2016
2016-03-02,878452.4,34.57,2016
2016-03-03,671564.75,34.56,2016
2016-03-04,747546.8,35.91,2016
2016-03-05,1.0286207e+06,35.91,2016
2016-03-06,1.0789585e+06,35.91,2016
2016-03-07,738126.5,37.9,2016
2016-03-08,642291.4,36.67,2016
2016-03-09,694645.9,37.62,2016
2016-03-10,572491.9,37.77,2016
2016-03-11,664893.5,38.51,2016
2016-03-12,898101.1,38.51,2016
2016-03-13,954980.3,38.51,2016
2016-03-14,668066.4,37.2,2016
2016-03-15,668186.7,36.32,2016
2016-03-16,739805.4,38.43,2016
2016-03-17,580452.5,40.17,2016
2016-03-18,666756.8,39.47,2016
2016-03-19,895038.5,39.47,2016
2016-03-20,929605.56,39.47,2016
2016-03-21,690469.8,39.91,2016
2016-03-22,622695.8,41.45,2016
2016-03-23,714881.2,38.28,2016
2016-03-24,660489.9,38.14,2016
2016-03-25,633524.2,38.14,2016
2016-03-26,800133.5,38.14,2016
2016-03-27,833336.06,38.14,2016
2016-03-28,661057.9,37.99,2016
2016-03-29,621166.06,36.91,2016
2016-03-30,660139.0,36.91,2016
2016-03-31,617374.3,36.94,2016
2016-04-01,872467.3,35.36,2016
2016-04-02,1.1508246e+06,35.36,2016
2016-04-03,1.2669082e+06,35.36,2016
2016-04-04,795237.2,34.3,2016
2016-04-05,725750.1,34.52,2016
2016-04-06,744784.8,37.74,2016
2016-04-07,587939.7,37.3,2016
2016-04-08,689727.2,39.74,2016
2016-04-09,927981.4,39.74,2016
2016-04-10,1.00887675e+06,39.74,2016
2016-04-11,665348.94,40.46,2016
2016-04-12,651657.06,42.12,2016
2016-04-13,672611.5,41.7,2016
2016-04-14,546785.2,41.45,2016
2016-04-15,667606.3,40.4,2016
2016-04-16,862121.5,40.4,2016
2016-04-17,1.2718338e+06,40.4,2016
2016-04-18,1.3459206e+06,39.74,2016
2016-04-19,1.1520892e+06,40.88,2016
2016-04-20,1.0624262e+06,42.72,2016
2016-04-21,1.00107975e+06,43.18,2016
2016-04-22,857059.25,42.76,2016
2016-04-23,1.0221431e+06,42.76,2016
2016-04-24,1.03936994e+06,42.76,2016
2016-04-25,680000.75,41.67,2016
2016-04-26,704799.44,42.52,2016
2016-04-27,670288.1,45.29,2016
2016-04-28,543339.9,46.03,2016
2016-04-29,708711.44,45.98,2016
2016-04-30,1.0673358e+06,45.98,2016
2016-05-01,1.2701212e+06,45.98,2016
2016-05-02,973985.7,44.75,2016
2016-05-03,792205.56,43.65,2016
2016-05-04,798654.44,43.77,2016
2016-05-05,648701.6,44.33,2016
2016-05-06,761422.5,44.58,2016
2016-05-07,1.0711928e+06,44.58,2016
2016-05-08,820824.6,44.58,2016
2016-05-09,771767.6,43.45,2016
2016-05-10,693010.5,44.68,2016
2016-05-11,727543.44,46.21,2016
2016-05-12,603394.2,46.64,2016
2016-05-13,666833.9,46.22,2016
2016-05-14,932869.5,46.22,2016
2016-05-15,1.0703316e+06,46.22,2016
2016-05-16,748112.7,47.72,2016
2016-05-17,661930.8,48.29,2016
2016-05-18,671232.94,48.12,2016
2016-05-19,581470.56,48.16,2016
2016-05-20,706024.06,47.67,2016
2016-05-21,910757.2,47.67,2016
2016-05-22,1.0306716e+06,47.67,2016
2016-05-23,695004.7,48.12,2016
2016-05-24,606377.2,48.04,2016
2016-05-25,637512.06,49.1,2016
2016-05-26,571968.6,49.0,2016
2016-05-27,852689.25,49.36,2016
2016-05-28,816187.25,49.36,2016
2016-05-29,959853.7,49.36,2016
2016-05-30,752452.44,49.36,2016
2016-05-31,974328.0,49.1,2016
2016-06-01,811525.3,49.07,2016
2016-06-02,694535.94,49.14,2016
2016-06-03,742363.06,48.69,2016
2016-06-04,1.0119966e+06,48.69,2016
2016-06-05,1.1237344e+06,48.69,2016
2016-06-06,729894.25,49.71,2016
2016-06-07,658714.6,50.37,2016
2016-06-08,696747.56,51.23,2016
2016-06-09,547139.6,50.52,2016
2016-06-10,637354.3,49.09,2016
2016-06-11,845838.2,49.09,2016
2016-06-12,947479.75,49.09,2016
2016-06-13,685382.2,48.89,2016
2016-06-14,622267.75,48.49,2016
2016-06-15,708327.6,47.92,2016
2016-06-16,620526.25,46.14,2016
2016-06-17,737897.44,48.0,2016
2016-06-18,972971.1,48.0,2016
2016-06-19,837363.0,48.0,2016
2016-06-20,735754.4,49.4,2016
2016-06-21,679248.0,48.95,2016
2016-06-22,677730.6,49.16,2016
2016-06-23,559653.3,49.34,2016
2016-06-24,641812.7,46.7,2016
2016-06-25,860296.8,46.7,2016
2016-06-26,954344.7,46.7,2016
2016-06-27,684735.6,45.8,2016
2016-06-28,596948.94,47.93,2016
2016-06-29,632489.5,49.85,2016
2016-06-30,554144.9,48.27,2016
2016-07-01,857027.56,49.02,2016
2016-07-02,1.0784851e+06,49.02,2016
2016-07-03,1.1267138e+06,49.02,2016
2016-07-04,850891.6,49.02,2016
2016-07-05,728011.56,46.73,2016
2016-07-06,752110.94,47.37,2016
2016-07-07,591702.75,45.22,2016
2016-07-08,688563.4,45.37,2016
2016-07-09,868260.0,45.37,2016
2016-07-10,932486.3,45.37,2016
2016-07-11,688436.1,44.73,2016
2016-07-12,627039.75,46.82,2016
2016-07-13,642494.4,44.87,2016
2016-07-14,535124.3,45.64,2016
2016-07-15,675032.44,45.93,2016
2016-07-16,887192.9,45.93,2016
2016-07-17,932586.7,45.93,2016
2016-07-18,702619.75,45.23,2016
2016-07-19,633176.3,44.64,2016
2016-07-20,686848.9,44.96,2016
2016-07-21,578823.7,43.96,2016
2016-07-22,646633.6,43.41,2016
2016-07-23,822292.5,43.41,2016
2016-07-24,847867.7,43.41,2016
2016-07-25,697383.6,42.4,2016
2016-07-26,622771.94,42.16,2016
2016-07-27,651122.0,41.9,2016
2016-07-28,533256.25,41.13,2016
2016-07-29,669585.8,41.54,2016
2016-07-30,910213.9,41.54,2016
2016-07-31,997916.94,41.54,2016
2016-08-01,895580.4,40.05,2016
2016-08-02,777592.8,39.5,2016
2016-08-03,779844.8,40.8,2016
2016-08-04,622883.1,41.92,2016
2016-08-05,704092.75,41.83,2016
2016-08-06,858903.2,41.83,2016
2016-08-07,904321.44,41.83,2016
2016-08-08,715195.56,43.06,2016
2016-08-09,635539.0,42.78,2016
2016-08-10,658457.44,41.75,2016
2016-08-11,596729.25,43.51,2016
2016-08-12,745662.5,44.47,2016
2016-08-13,714905.94,44.47,2016
2016-08-14,761826.1,44.47,2016
2016-08-15,720032.3,45.72,2016
2016-08-16,718671.6,46.57,2016
2016-08-17,725945.7,46.81,2016
2016-08-18,577350.5,48.2,2016
2016-08-19,678767.1,48.48,2016
2016-08-20,828986.3,48.48,2016
2016-08-21,901870.1,48.48,2016
2016-08-22,714866.25,46.8,2016
2016-08-23,660820.0,47.54,2016
2016-08-24,674613.06,46.29,2016
2016-08-25,554421.5,46.97,2016
2016-08-26,646698.25,47.64,2016
2016-08-27,791047.56,47.64,2016
2016-08-28,858802.44,47.64,2016
2016-08-29,671845.75,46.97,2016
2016-08-30,624711.3,46.32,2016
2016-08-31,731430.1,44.68,2016
2016-09-01,718105.56,43.17,2016
2016-09-02,837129.56,44.39,2016
2016-09-03,1.0575812e+06,44.39,2016
2016-09-04,1.1099859e+06,44.39,2016
2016-09-05,813763.3,44.39,2016
2016-09-06,751583.0,44.85,2016
2016-09-07,738543.94,45.47,2016
2016-09-08,595849.3,47.63,2016
2016-09-09,658969.0,45.88,2016
2016-09-10,915938.56,45.88,2016
2016-09-11,1.01736925e+06,45.88,2016
2016-09-12,678776.44,46.28,2016
2016-09-13,603427.94,44.91,2016
2016-09-14,624262.06,43.62,2016
2016-09-15,568324.8,43.85,2016
2016-09-16,691912.6,43.04,2016
2016-09-17,899219.3,43.04,2016
2016-09-18,1.0186627e+06,43.04,2016
2016-09-19,681159.3,43.34,2016
2016-09-20,650980.3,43.85,2016
2016-09-21,666928.4,45.33,2016
2016-09-22,533276.3,46.1,2016
2016-09-23,663686.0,44.36,2016
2016-09-24,861830.4,44.36,2016
2016-09-25,952352.56,44.36,2016
2016-09-26,664217.44,45.6,2016
2016-09-27,587908.3,44.65,2016
2016-09-28,631761.2,47.07,2016
2016-09-29,520744.94,47.72,2016
2016-09-30,703198.5,47.72,2016
2016-10-01,1.1750336e+06,47.72,2016
2016-10-02,1.2564801e+06,47.72,2016
2016-10-03,833060.56,48.8,2016
2016-10-04,724113.1,48.67,2016
2016-10-05,749712.3,49.75,2016
2016-10-06,581429.3,50.44,2016
2016-10-07,797612.25,49.76,2016
2016-10-08,932551.7,49.76,2016
2016-10-09,1.0882515e+06,49.76,2016
2016-10-10,725312.9,49.76,2016
2016-10-11,625272.0,50.72,2016
2016-10-12,665126.06,50.14,2016
2016-10-13,558859.9,50.47,2016
2016-10-14,667954.2,50.35,2016
2016-10-15,890613.56,50.35,2016
2016-10-16,1.1045048e+06,50.35,2016
2016-10-17,710456.44,49.97,2016
2016-10-18,630638.56,50.3,2016
2016-10-19,647823.44,51.59,2016
2016-10-20,583001.25,50.31,2016
2016-10-21,669453.56,50.61,2016
2016-10-22,843626.44,50.61,2016
2016-10-23,1.0229537e+06,50.61,2016
2016-10-24,668507.6,50.18,2016
2016-10-25,610590.9,49.45,2016
2016-10-26,633413.9,48.75,2016
2016-10-27,544361.5,49.71,2016
2016-10-28,638838.25,48.72,2016
2016-10-29,841074.7,48.72,2016
2016-10-30,954838.2,48.72,2016
2016-10-31,654923.5,46.83,2016
2016-11-01,811832.44,46.66,2016
2016-11-02,969033.6,45.32,2016
2016-11-03,793811.7,44.66,2016
2016-11-04,858468.2,44.07,2016
2016-11-05,887751.3,44.07,2016
2016-11-06,1.1403671e+06,44.07,2016
2016-11-07,849451.06,44.88,2016
2016-11-08,767439.6,44.96,2016
2016-11-09,790276.8,45.2,2016
2016-11-10,588241.75,44.62,2016
2016-11-11,713396.44,43.39,2016
2016-11-12,929802.75,43.39,2016
2016-11-13,1.1889822e+06,43.39,2016
2016-11-14,735723.2,43.29,2016
2016-11-15,691801.6,45.86,2016
2016-11-16,830431.75,45.56,2016
2016-11-17,615228.25,45.37,2016
2016-11-18,738265.56,45.69,2016
2016-11-19,935656.0,45.69,2016
2016-11-20,1.125179e+06,45.69,2016
2016-11-21,773762.3,47.48,2016
2016-11-22,690281.25,48.07,2016
2016-11-23,753685.06,46.72,2016
2016-11-24,595457.3,46.72,2016
2016-11-25,737819.5,46.72,2016
2016-11-26,908066.8,46.72,2016
2016-11-27,1.0567216e+06,46.72,2016
2016-11-28,752583.75,45.66,2016
2016-11-29,645760.5,45.29,2016
2016-11-30,767361.7,49.41,2016
2016-12-01,843603.3,51.08,2016
2016-12-02,853454.94,51.7,2016
2016-12-03,1.1134406e+06,51.7,2016
2016-12-04,1.276195e+06,51.7,2016
2016-12-05,896824.94,51.72,2016
2016-12-06,932546.4,50.95,2016
2016-12-07,867653.75,49.85,2016
2016-12-08,674077.4,50.84,2016
2016-12-09,774941.94,51.51,2016
2016-12-10,920050.75,51.51,2016
2016-12-11,1.1193242e+06,51.51,2016
2016-12-12,844251.7,52.74,2016
2016-12-13,747161.6,52.99,2016
2016-12-14,829763.25,51.01,2016
2016-12-15,747641.2,50.9,2016
2016-12-16,918899.8,51.93,2016
2016-12-17,1.0716556e+06,51.93,2016
2016-12-18,1.2604719e+06,51.93,2016
2016-12-19,1.0282428e+06,52.13,2016
2016-12-20,1.0804024e+06,52.22,2016
2016-12-21,1.1813074e+06,51.44,2016
2016-12-22,1.1358494e+06,51.98,2016
2016-12-23,1.2821455e+06,52.01,2016
2016-12-24,1.2468379e+06,52.01,2016
2016-12-26,1.03277075e+06,52.01,2016
2016-12-27,842475.5,52.82,2016
2016-12-28,951533.7,54.01,2016
2016-12-29,894108.25,53.8,2016
2016-12-30,1.163643e+06,53.75,2016
2016-12-31,1.1090129e+06,53.75,2016
2017-01-01,12082.501,53.75,2017
2017-01-02,1.4023064e+06,53.75,2017
2017-01-03,1.1043771e+06,52.36,2017
2017-01-04,990093.44,53.26,2017
2017-01-05,777620.94,53.77,2017
2017-01-06,839600.25,53.98,2017
2017-01-07,1.1038062e+06,53.98,2017
2017-01-08,1.1925438e+06,53.98,2017
2017-01-09,793724.9,51.95,2017
2017-01-10,742635.56,50.82,2017
2017-01-11,770742.7,52.19,2017
2017-01-12,629635.8,53.01,2017
2017-01-13,768898.94,52.36,2017
2017-01-14,1.02105056e+06,52.36,2017
2017-01-15,1.1757251e+06,52.36,2017
2017-01-16,824488.7,52.36,2017
2017-01-17,750836.56,52.45,2017
2017-01-18,782656.0,51.12,2017
2017-01-19,606949.75,51.39,2017
2017-01-20,725703.7,52.33,2017
2017-01-21,1.0727218e+06,52.33,2017
2017-01-22,1.1482144e+06,52.33,2017
2017-01-23,798133.6,52.77,2017
2017-01-24,721275.75,52.38,2017
2017-01-25,744342.56,52.14,2017
2017-01-26,576515.56,53.24,2017
2017-01-27,722113.94,53.18,2017
2017-01-28,977850.4,53.18,2017
2017-01-29,1.075167e+06,53.18,2017
2017-01-30,698123.75,52.63,2017
2017-01-31,778222.3,52.75,2017
2017-02-01,961777.4,53.9,2017
2017-02-02,748882.75,53.55,2017
2017-02-03,834667.1,53.81,2017
2017-02-04,1.1327885e+06,53.81,2017
2017-02-05,1.1519876e+06,53.81,2017
2017-02-06,786672.4,53.01,2017
2017-02-07,739431.2,52.19,2017
2017-02-08,783605.4,52.37,2017
2017-02-09,624387.5,52.99,2017
2017-02-10,752207.25,53.84,2017
2017-02-11,944924.6,53.84,2017
2017-02-12,1.0748209e+06,53.84,2017
2017-02-13,794314.44,52.96,2017
2017-02-14,642613.2,53.21,2017
2017-02-15,745780.4,53.11,2017
2017-02-16,645968.25,53.41,2017
2017-02-17,758855.7,53.41,2017
2017-02-18,1.0633949e+06,53.41,2017
2017-02-19,858897.1,53.41,2017
2017-02-20,759120.06,53.41,2017
2017-02-21,717807.7,54.02,2017
2017-02-22,739388.06,53.61,2017
2017-02-23,675578.5,54.48,2017
2017-02-24,816197.5,53.99,2017
2017-02-25,1.02601125e+06,53.99,2017
2017-02-26,775709.0,53.99,2017
2017-02-27,744956.94,54.04,2017
2017-02-28,949366.8,54.0,2017
2017-03-01,1.0085217e+06,53.82,2017
2017-03-02,836225.2,52.63,2017
2017-03-03,882639.75,53.33,2017
2017-03-04,1.1257364e+06,53.33,2017
2017-03-05,1.1969838e+06,53.33,2017
2017-03-06,790143.25,53.19,2017
2017-03-07,761866.75,52.68,2017
2017-03-08,781046.7,49.83,2017
2017-03-09,653901.2,48.75,2017
2017-03-10,773855.3,48.05,2017
2017-03-11,1.00117444e+06,48.05,2017
2017-03-12,1.1460069e+06,48.05,2017
2017-03-13,754390.4,47.95,2017
2017-03-14,700998.06,47.24,2017
2017-03-15,815621.9,48.34,2017
2017-03-16,699108.2,48.3,2017
2017-03-17,812306.75,48.34,2017
2017-03-18,1.03890656e+06,48.34,2017
2017-03-19,1.1571406e+06,48.34,2017
2017-03-20,826428.94,47.79,2017
2017-03-21,746620.94,47.02,2017
2017-03-22,767880.8,47.29,2017
2017-03-23,670848.0,47.0,2017
2017-03-24,787914.1,47.3,2017
2017-03-25,1.0381393e+06,47.3,2017
2017-03-26,1.1015575e+06,47.3,2017
2017-03-27,784103.25,47.02,2017
2017-03-28,702943.94,48.36,2017
2017-03-29,824633.0,49.47,2017
2017-03-30,637624.3,50.3,2017
2017-03-31,878750.06,50.54,2017
2017-04-01,1.463084e+06,50.54,2017
2017-04-02,1.13865e+06,50.54,2017
2017-04-03,835191.6,50.25,2017
2017-04-04,835602.6,50.99,2017
2017-04-05,846631.3,51.14,2017
2017-04-06,683059.56,51.69,2017
2017-04-07,765502.2,52.25,2017
2017-04-08,988591.5,52.25,2017
2017-04-09,1.1017136e+06,52.25,2017
2017-04-10,739392.1,53.06,2017
2017-04-11,741331.44,53.38,2017
2017-04-12,791762.3,53.12,2017
2017-04-13,737029.56,53.19,2017
2017-04-14,740889.5,53.19,2017
2017-04-15,898610.2,53.19,2017
2017-04-16,985493.8,53.19,2017
2017-04-17,775916.9,52.62,2017
2017-04-18,717196.3,52.46,2017
2017-04-19,735733.2,50.49,2017
2017-04-20,675804.0,50.26,2017
2017-04-21,795795.9,49.64,2017
2017-04-22,974952.8,49.64,2017
2017-04-23,1.1400702e+06,49.64,2017
2017-04-24,755072.56,48.9,2017
2017-04-25,718996.06,49.22,2017
2017-04-26,781159.3,49.22,2017
2017-04-27,624910.0,48.96,2017
2017-04-28,797636.6,49.31,2017
2017-04-29,1.0682799e+06,49.31,2017
2017-04-30,1.04124925e+06,49.31,2017
2017-05-01,1.3066994e+06,48.83,2017
2017-05-02,907324.1,47.65,2017
2017-05-03,924247.25,47.79,2017
2017-05-04,716654.6,45.55,2017
2017-05-05,780798.4,46.23,2017
2017-05-06,1.0394179e+06,46.23,2017
2017-05-07,1.2273806e+06,46.23,2017
2017-05-08,776307.5,46.46,2017
2017-05-09,715811.2,45.84,2017
2017-05-10,766101.9,47.28,2017
2017-05-11,648650.44,47.81,2017
2017-05-12,764812.44,47.83,2017
2017-05-13,1.1169769e+06,47.83,2017
2017-05-14,884199.94,47.83,2017
2017-05-15,823035.56,48.86,2017
2017-05-16,807803.9,48.64,2017
2017-05-17,841407.6,49.04,2017
2017-05-18,628488.0,49.36,2017
2017-05-19,773775.44,50.32,2017
2017-05-20,1.0356674e+06,50.32,2017
2017-05-21,1.2019389e+06,50.32,2017
2017-05-22,778935.1,50.81,2017
2017-05-23,723151.75,51.12,2017
2017-05-24,746303.6,50.99,2017
2017-05-25,620108.25,48.57,2017
2017-05-26,984511.1,49.58,2017
2017-05-27,932219.9,49.58,2017
2017-05-28,1.0617716e+06,49.58,2017
2017-05-29,776813.1,49.58,2017
2017-05-30,742471.25,49.63,2017
2017-05-31,858062.1,48.29,2017
2017-06-01,766859.2,48.32,2017
2017-06-02,918421.3,47.68,2017
2017-06-03,1.1761381e+06,47.68,2017
2017-06-04,1.3765115e+06,47.68,2017
2017-06-05,912693.9,47.4,2017
2017-06-06,805546.6,48.13,2017
2017-06-07,842979.8,45.8,2017
2017-06-08,667099.8,45.68,2017
2017-06-09,795116.1,45.82,2017
2017-06-10,993732.7,45.82,2017
2017-06-11,1.213674e+06,45.82,2017
2017-06-12,768349.75,46.1,2017
2017-06-13,729412.94,46.41,2017
2017-06-14,785885.94,44.79,2017
2017-06-15,660338.4,44.47,2017
2017-06-16,834786.44,44.73,2017
2017-06-17,1.0961335e+06,44.73,2017
2017-06-18,965144.1,44.73,2017
2017-06-19,791146.4,44.24,2017
2017-06-20,787326.7,43.34,2017
2017-06-21,766159.0,42.48,2017
2017-06-22,609868.8,42.53,2017
2017-06-23,761049.75,42.86,2017
2017-06-24,963268.25,42.86,2017
2017-06-25,1.0926109e+06,42.86,2017
2017-06-26,755367.8,43.24,2017
2017-06-27,682218.44,44.25,2017
2017-06-28,731897.0,44.74,2017
2017-06-29,630811.8,44.88,2017
2017-06-30,802273.1,46.02,2017
2017-07-01,1.2075299e+06,46.02,2017
2017-07-02,1.2963792e+06,46.02,2017
2017-07-03,925143.4,46.02,2017
2017-07-04,832359.3,46.02,2017
2017-07-05,844301.6,45.11,2017
2017-07-06,700272.0,45.52,2017
2017-07-07,805792.3,44.25,2017
2017-07-08,998347.2,44.25,2017
2017-07-09,1.1008334e+06,44.25,2017
2017-07-10,804158.9,44.4,2017
2017-07-11,730534.75,45.06,2017
2017-07-12,748800.0,45.48,2017
2017-07-13,629651.4,46.06,2017
2017-07-14,765489.6,46.53,2017
2017-07-15,969077.1,46.53,2017
2017-07-16,1.1008038e+06,46.53,2017
2017-07-17,818325.5,46.02,2017
2017-07-18,730133.7,46.4,2017
2017-07-19,767978.75,47.1,2017
2017-07-20,688288.06,46.73,2017
2017-07-21,782418.3,45.78,2017
2017-07-22,932902.06,45.78,2017
2017-07-23,1.02428875e+06,45.78,2017
2017-07-24,816564.3,46.21,2017
2017-07-25,713581.6,47.77,2017
2017-07-26,740653.06,48.58,2017
2017-07-27,659849.8,49.05,2017
2017-07-28,835099.7,49.72,2017
2017-07-29,1.0323109e+06,49.72,2017
2017-07-30,1.1237525e+06,49.72,2017
2017-07-31,885856.8,50.21,2017
2017-08-01,988527.75,49.19,2017
2017-08-02,964712.0,49.6,2017
2017-08-03,728068.5,49.03,2017
2017-08-04,827775.7,49.57,2017
2017-08-05,965693.6,49.57,2017
2017-08-06,1.0495591e+06,49.57,2017
2017-08-07,797464.94,49.37,2017
2017-08-08,717766.4,49.07,2017
2017-08-09,734139.7,49.59,2017
2017-08-10,651386.94,48.54,2017
2017-08-11,826373.75,48.81,2017
2017-08-12,792630.56,48.81,2017
2017-08-13,865639.7,48.81,2017
2017-08-14,760922.44,47.59,2017
2017-08-15,762661.94,47.57,2017
