dominio,retencion_minoria,k_neighbors,filas_objetivo,filas_crudo,filas_reconstruidas,positivos_train_objetivo,positivos_train_crudo,positivos_train_reconstruido,sinteticas_agregadas,max_diferencia_categorica,wasserstein_normalizada,diferencia_correlacion,duplicados_clave,reglas_validas,valid_test_intactos,cumple,perdida,diferencia_pr_auc,diferencia_f1,diferencia_recall,diferencia_wape,diferencia_silhouette,metricas_modelos_cumplen
ventas,0.25,3,17479,15190,17479,3052,763,3052,2289,0.007266,0.025043,0.010288,0,True,True,True,0.042597,0.0033,0.0086,0.0158,0.03489,0.010712,True
ventas,0.25,5,17479,15190,17479,3052,763,3052,2289,0.007103,0.025157,0.01075,0,True,True,True,0.04301,0.0014,0.009,0.014,0.025589,0.007173,True
ventas,0.25,7,17479,15190,17479,3052,763,3052,2289,0.009389,0.024645,0.010424,0,True,True,True,0.044457,0.0005,0.0062,0.0,0.050936,0.006055,False
ventas,0.5,3,17479,15953,17479,3052,1526,3052,1526,0.002449,0.012939,0.006734,0,True,True,True,0.022122,,,,,,
ventas,0.5,5,17479,15953,17479,3052,1526,3052,1526,0.004164,0.014417,0.007755,0,True,True,True,0.026335,,,,,,
ventas,0.5,7,17479,15953,17479,3052,1526,3052,1526,0.00498,0.011279,0.006451,0,True,True,True,0.02271,,,,,,
ventas,0.75,3,17479,16716,17479,3052,2289,3052,763,0.004,0.008412,0.004456,0,True,True,True,0.016868,,,,,,
ventas,0.75,5,17479,16716,17479,3052,2289,3052,763,0.002612,0.010706,0.004827,0,True,True,True,0.018146,,,,,,
ventas,0.75,7,17479,16716,17479,3052,2289,3052,763,0.004572,0.005966,0.003676,0,True,True,True,0.014214,,,,,,
compras,0.25,3,7650,6967,7650,911,228,911,683,0.0,0.00519,0.005034,0,True,True,True,0.010224,0.0,0.0,0.0,0.062481,0.047265,False
compras,0.25,5,7650,6967,7650,911,228,911,683,0.0,0.005121,0.002877,0,True,True,True,0.007998,0.0,0.0,0.0,0.075473,0.025314,False
compras,0.25,7,7650,6967,7650,911,228,911,683,0.0,0.005727,0.003592,0,True,True,True,0.009319,0.0,0.0,0.0,0.062231,0.018184,False
compras,0.5,3,7650,7195,7650,911,456,911,455,0.0,0.003772,0.003326,0,True,True,True,0.007098,0.0,0.0,0.0,0.063093,0.011314,False
compras,0.5,5,7650,7195,7650,911,456,911,455,0.0,0.003268,0.003683,0,True,True,True,0.006951,0.0,0.0,0.0,0.052407,0.012085,False
compras,0.5,7,7650,7195,7650,911,456,911,455,0.0,0.004139,0.004138,0,True,True,True,0.008277,0.0,0.0,0.0,0.036656,0.010658,True
compras,0.75,3,7650,7422,7650,911,683,911,228,0.0,0.002616,0.00267,0,True,True,True,0.005286,,,,,,
compras,0.75,5,7650,7422,7650,911,683,911,228,0.0,0.003028,0.002762,0,True,True,True,0.005791,,,,,,
compras,0.75,7,7650,7422,7650,911,683,911,228,0.0,0.00419,0.004024,0,True,True,True,0.008214,,,,,,
almacen,0.25,3,17479,15466,17479,2684,671,2684,2013,0.0,0.017411,0.044425,0,True,True,True,0.061836,0.0,0.0424,0.0238,0.05354,0.004959,False
almacen,0.25,5,17479,15466,17479,2684,671,2684,2013,0.0,0.017813,0.043893,0,True,True,True,0.061706,0.0055,0.002,0.0017,0.001386,0.005605,True
almacen,0.25,7,17479,15466,17479,2684,671,2684,2013,0.0,0.017791,0.043919,0,True,True,True,0.06171,0.0007,0.0119,0.0068,0.008326,0.005475,True
almacen,0.5,3,17479,16137,17479,2684,1342,2684,1342,0.0,0.010789,0.030501,0,True,True,True,0.04129,,,,,,
almacen,0.5,5,17479,16137,17479,2684,1342,2684,1342,0.0,0.010922,0.030508,0,True,True,True,0.04143,,,,,,
almacen,0.5,7,17479,16137,17479,2684,1342,2684,1342,0.0,0.010926,0.030526,0,True,True,True,0.041452,,,,,,
almacen,0.75,3,17479,16808,17479,2684,2013,2684,671,0.0,0.004222,0.014098,0,True,True,True,0.018319,,,,,,
almacen,0.75,5,17479,16808,17479,2684,2013,2684,671,0.0,0.004482,0.0149,0,True,True,True,0.019382,,,,,,
almacen,0.75,7,17479,16808,17479,2684,2013,2684,671,0.0,0.004802,0.014701,0,True,True,True,0.019503,,,,,,
