dominio,modelo,objetivo,ganador,metrica,valor,extra
ventas,Clasificacion (alerta),demanda_alta,sklearn[LogisticReg],PR-AUC,0.898,Recall=0.92 F1=0.81
ventas,Clustering (segmentos),sku,KMeans (escalado + silueta),silueta,0.504,k=4
ventas,Regresion (pronostico),unidades_vendidas,HistGradientBoosting,WAPE %,25.4,R2=0.78
compras,Clasificacion (alerta),entrega_con_retraso,sklearn[LogisticReg],PR-AUC,0.355,Recall=0.99 F1=0.45
compras,Clustering (segmentos),id_proveedor,KMeans (escalado + silueta),silueta,0.341,k=6
compras,Regresion (pronostico),cantidad_pedida,RandomForest,WAPE %,56.4,R2=0.45
almacen,Clasificacion (alerta),riesgo_quiebre,sklearn[RandomForest],PR-AUC,0.832,Recall=0.91 F1=0.76
almacen,Clustering (segmentos),sku,KMeans (escalado + silueta),silueta,0.584,k=3
almacen,Regresion (pronostico),demanda_dia,HistGradientBoosting,WAPE %,28.2,R2=0.72
