date,sales_total,year,month,dayofweek,is_month_end,is_payday
2013-01-01,2511.619,2013,1,1,False,False
2013-01-02,496092.4,2013,1,2,False,False
2013-01-03,361461.22,2013,1,3,False,False
2013-01-04,354459.7,2013,1,4,False,False
2013-01-05,477350.12,2013,1,5,False,False
2013-01-06,519695.4,2013,1,6,False,False
2013-01-07,336122.8,2013,1,0,False,False
2013-01-08,318347.78,2013,1,1,False,False
2013-01-09,302530.8,2013,1,2,False,False
2013-01-10,258982.0,2013,1,3,False,False
2013-01-11,289737.7,2013,1,4,False,False
2013-01-12,403258.22,2013,1,5,False,False
2013-01-13,464638.56,2013,1,6,False,False
2013-01-14,293348.38,2013,1,0,False,False
2013-01-15,299129.56,2013,1,1,False,True
2013-01-16,318347.9,2013,1,2,False,False
2013-01-17,267498.53,2013,1,3,False,False
2013-01-18,296130.84,2013,1,4,False,False
2013-01-19,432459.84,2013,1,5,False,False
2013-01-20,461092.38,2013,1,6,False,False
2013-01-21,311211.28,2013,1,0,False,False
2013-01-22,296214.72,2013,1,1,False,False
2013-01-23,283258.47,2013,1,2,False,False
2013-01-24,247245.69,2013,1,3,False,False
2013-01-25,290022.78,2013,1,4,False,False
2013-01-26,413799.78,2013,1,5,False,False
2013-01-27,430412.0,2013,1,6,False,False
2013-01-28,285460.16,2013,1,0,False,False
2013-01-29,264488.8,2013,1,1,False,False
2013-01-30,281061.12,2013,1,2,False,False
2013-01-31,271254.22,2013,1,3,True,True
2013-02-01,369402.06,2013,2,4,False,False
2013-02-02,518887.47,2013,2,5,False,False
2013-02-03,486336.8,2013,2,6,False,False
2013-02-04,344308.72,2013,2,0,False,False
2013-02-05,321245.84,2013,2,1,False,False
2013-02-06,321538.2,2013,2,2,False,False
2013-02-07,290807.53,2013,2,3,False,False
2013-02-08,347441.78,2013,2,4,False,False
2013-02-09,416176.28,2013,2,5,False,False
2013-02-10,300951.34,2013,2,6,False,False
2013-02-11,278627.6,2013,2,0,False,False
2013-02-12,308800.78,2013,2,1,False,False
2013-02-13,319597.94,2013,2,2,False,False
2013-02-14,308164.03,2013,2,3,False,False
2013-02-15,320168.88,2013,2,4,False,True
2013-02-16,485660.5,2013,2,5,False,False
2013-02-17,399588.9,2013,2,6,False,False
2013-02-18,350745.56,2013,2,0,False,False
2013-02-19,293637.8,2013,2,1,False,False
2013-02-20,313803.16,2013,2,2,False,False
2013-02-21,267711.1,2013,2,3,False,False
2013-02-22,285679.88,2013,2,4,False,False
2013-02-23,412897.34,2013,2,5,False,False
2013-02-24,452726.12,2013,2,6,False,False
2013-02-25,307110.88,2013,2,0,False,False
2013-02-26,270425.0,2013,2,1,False,False
2013-02-27,288402.0,2013,2,2,False,False
2013-02-28,278116.28,2013,2,3,True,True
2013-03-01,378898.16,2013,3,4,False,False
2013-03-02,547857.2,2013,3,5,False,False
2013-03-03,559820.56,2013,3,6,False,False
2013-03-04,383647.7,2013,3,0,False,False
2013-03-05,332190.0,2013,3,1,False,False
2013-03-06,335726.6,2013,3,2,False,False
2013-03-07,293099.53,2013,3,3,False,False
2013-03-08,316600.7,2013,3,4,False,False
2013-03-09,453259.5,2013,3,5,False,False
2013-03-10,461859.75,2013,3,6,False,False
2013-03-11,318379.12,2013,3,0,False,False
2013-03-12,271823.38,2013,3,1,False,False
2013-03-13,287869.66,2013,3,2,False,False
2013-03-14,247541.42,2013,3,3,False,False
2013-03-15,315878.1,2013,3,4,False,True
2013-03-16,482233.44,2013,3,5,False,False
2013-03-17,513439.6,2013,3,6,False,False
2013-03-18,330283.8,2013,3,0,False,False
2013-03-19,294020.25,2013,3,1,False,False
2013-03-20,321207.0,2013,3,2,False,False
2013-03-21,269130.12,2013,3,3,False,False
2013-03-22,304100.47,2013,3,4,False,False
2013-03-23,453192.0,2013,3,5,False,False
2013-03-24,449794.62,2013,3,6,False,False
2013-03-25,317559.62,2013,3,0,False,False
2013-03-26,275818.25,2013,3,1,False,False
2013-03-27,313691.16,2013,3,2,False,False
2013-03-28,339293.28,2013,3,3,False,False
2013-03-29,345513.12,2013,3,4,False,False
2013-03-30,452661.34,2013,3,5,False,False
2013-03-31,462107.62,2013,3,6,True,True
2013-04-01,428816.44,2013,4,0,False,False
2013-04-02,377732.8,2013,4,1,False,False
2013-04-03,373731.06,2013,4,2,False,False
2013-04-04,308738.38,2013,4,3,False,False
2013-04-05,336394.78,2013,4,4,False,False
2013-04-06,509424.22,2013,4,5,False,False
2013-04-07,519048.38,2013,4,6,False,False
2013-04-08,346649.8,2013,4,0,False,False
2013-04-09,306335.8,2013,4,1,False,False
2013-04-10,312846.38,2013,4,2,False,False
2013-04-11,303223.4,2013,4,3,False,False
2013-04-12,314394.97,2013,4,4,False,False
2013-04-13,453442.5,2013,4,5,False,False
2013-04-14,478417.16,2013,4,6,False,False
2013-04-15,338712.47,2013,4,0,False,True
2013-04-16,333431.88,2013,4,1,False,False
2013-04-17,334990.53,2013,4,2,False,False
2013-04-18,281924.5,2013,4,3,False,False
2013-04-19,311588.72,2013,4,4,False,False
2013-04-20,459884.84,2013,4,5,False,False
2013-04-21,485721.03,2013,4,6,False,False
2013-04-22,328886.3,2013,4,0,False,False
2013-04-23,302097.84,2013,4,1,False,False
2013-04-24,310555.2,2013,4,2,False,False
2013-04-25,268790.62,2013,4,3,False,False
2013-04-26,304413.56,2013,4,4,False,False
2013-04-27,446665.34,2013,4,5,False,False
2013-04-28,477623.47,2013,4,6,False,False
2013-04-29,328795.88,2013,4,0,False,False
2013-04-30,310186.47,2013,4,1,True,True
2013-05-01,507974.62,2013,5,2,False,False
2013-05-02,348709.47,2013,5,3,False,False
2013-05-03,374291.25,2013,5,4,False,False
2013-05-04,520339.53,2013,5,5,False,False
2013-05-05,580268.56,2013,5,6,False,False
2013-05-06,369869.38,2013,5,0,False,False
2013-05-07,317292.97,2013,5,1,False,False
2013-05-08,332477.4,2013,5,2,False,False
2013-05-09,305868.06,2013,5,3,False,False
2013-05-10,335937.44,2013,5,4,False,False
2013-05-11,512090.6,2013,5,5,False,False
2013-05-12,387860.5,2013,5,6,False,False
2013-05-13,350598.06,2013,5,0,False,False
2013-05-14,308469.3,2013,5,1,False,False
2013-05-15,329113.56,2013,5,2,False,True
2013-05-16,307556.94,2013,5,3,False,False
2013-05-17,330004.25,2013,5,4,False,False
2013-05-18,480969.56,2013,5,5,False,False
2013-05-19,518153.56,2013,5,6,False,False
2013-05-20,341787.22,2013,5,0,False,False
2013-05-21,307178.4,2013,5,1,False,False
2013-05-22,301785.47,2013,5,2,False,False
2013-05-23,289261.06,2013,5,3,False,False
2013-05-24,398389.25,2013,5,4,False,False
2013-05-25,417930.16,2013,5,5,False,False
2013-05-26,450631.4,2013,5,6,False,False
2013-05-27,321630.84,2013,5,0,False,False
2013-05-28,307329.16,2013,5,1,False,False
2013-05-29,309333.38,2013,5,2,False,False
2013-05-30,304344.84,2013,5,3,False,False
2013-05-31,330257.84,2013,5,4,True,True
2013-06-01,566901.8,2013,6,5,False,False
2013-06-02,637698.5,2013,6,6,False,False
2013-06-03,426332.1,2013,6,0,False,False
2013-06-04,369705.16,2013,6,1,False,False
2013-06-05,361791.1,2013,6,2,False,False
2013-06-06,317496.75,2013,6,3,False,False
2013-06-07,357673.1,2013,6,4,False,False
2013-06-08,466292.7,2013,6,5,False,False
2013-06-09,526804.75,2013,6,6,False,False
2013-06-10,349754.28,2013,6,0,False,False
2013-06-11,283858.22,2013,6,1,False,False
2013-06-12,320173.56,2013,6,2,False,False
2013-06-13,282886.9,2013,6,3,False,False
2013-06-14,326956.75,2013,6,4,False,False
2013-06-15,505950.66,2013,6,5,False,True
2013-06-16,435894.1,2013,6,6,False,False
2013-06-17,370944.28,2013,6,0,False,False
2013-06-18,320885.34,2013,6,1,False,False
2013-06-19,319235.25,2013,6,2,False,False
2013-06-20,293877.94,2013,6,3,False,False
2013-06-21,319722.7,2013,6,4,False,False
2013-06-22,446347.3,2013,6,5,False,False
2013-06-23,504964.84,2013,6,6,False,False
2013-06-24,336631.97,2013,6,0,False,False
2013-06-25,305119.53,2013,6,1,False,False
2013-06-26,301847.25,2013,6,2,False,False
2013-06-27,266525.47,2013,6,3,False,False
2013-06-28,324210.97,2013,6,4,False,False
2013-06-29,509379.1,2013,6,5,False,False
2013-06-30,533481.7,2013,6,6,True,True
2013-07-01,441758.38,2013,7,0,False,False
2013-07-02,390958.38,2013,7,1,False,False
2013-07-03,374551.9,2013,7,2,False,False
2013-07-04,327020.2,2013,7,3,False,False
2013-07-05,351401.5,2013,7,4,False,False
2013-07-06,479514.5,2013,7,5,False,False
2013-07-07,500606.06,2013,7,6,False,False
2013-07-08,365453.0,2013,7,0,False,False
2013-07-09,317279.16,2013,7,1,False,False
2013-07-10,314134.88,2013,7,2,False,False
2013-07-11,281750.94,2013,7,3,False,False
2013-07-12,308786.44,2013,7,4,False,False
2013-07-13,432569.1,2013,7,5,False,False
2013-07-14,438722.4,2013,7,6,False,False
2013-07-15,348803.03,2013,7,0,False,True
2013-07-16,335516.22,2013,7,1,False,False
2013-07-17,324313.8,2013,7,2,False,False
2013-07-18,287074.88,2013,7,3,False,False
2013-07-19,313332.56,2013,7,4,False,False
2013-07-20,435497.72,2013,7,5,False,False
2013-07-21,437952.62,2013,7,6,False,False
2013-07-22,342802.3,2013,7,0,False,False
2013-07-23,316257.47,2013,7,1,False,False
2013-07-24,309243.78,2013,7,2,False,False
2013-07-25,298074.22,2013,7,3,False,False
2013-07-26,318745.7,2013,7,4,False,False
2013-07-27,423890.5,2013,7,5,False,False
2013-07-28,433358.66,2013,7,6,False,False
2013-07-29,331493.28,2013,7,0,False,False
2013-07-30,318554.0,2013,7,1,False,False
2013-07-31,357982.97,2013,7,2,True,True
2013-08-01,397555.3,2013,8,3,False,False
2013-08-02,393831.12,2013,8,4,False,False
2013-08-03,516956.84,2013,8,5,False,False
2013-08-04,514267.28,2013,8,6,False,False
2013-08-05,407033.8,2013,8,0,False,False
2013-08-06,357263.84,2013,8,1,False,False
2013-08-07,351302.12,2013,8,2,False,False
2013-08-08,310953.03,2013,8,3,False,False
2013-08-09,337521.66,2013,8,4,False,False
2013-08-10,434184.94,2013,8,5,False,False
2013-08-11,434720.3,2013,8,6,False,False
2013-08-12,349539.22,2013,8,0,False,False
2013-08-13,317103.34,2013,8,1,False,False
2013-08-14,324377.38,2013,8,2,False,False
2013-08-15,311043.16,2013,8,3,False,True
2013-08-16,364487.3,2013,8,4,False,False
2013-08-17,448835.3,2013,8,5,False,False
2013-08-18,464053.78,2013,8,6,False,False
2013-08-19,362085.53,2013,8,0,False,False
2013-08-20,343046.12,2013,8,1,False,False
2013-08-21,335724.66,2013,8,2,False,False
2013-08-22,306473.25,2013,8,3,False,False
2013-08-23,331906.38,2013,8,4,False,False
2013-08-24,420576.16,2013,8,5,False,False
2013-08-25,443694.1,2013,8,6,False,False
2013-08-26,347159.66,2013,8,0,False,False
2013-08-27,319688.22,2013,8,1,False,False
2013-08-28,319322.06,2013,8,2,False,False
2013-08-29,294518.7,2013,8,3,False,False
2013-08-30,354932.94,2013,8,4,False,False
2013-08-31,523631.38,2013,8,5,True,True
2013-09-01,640406.25,2013,9,6,False,False
2013-09-02,458792.97,2013,9,0,False,False
2013-09-03,397680.4,2013,9,1,False,False
2013-09-04,392565.5,2013,9,2,False,False
2013-09-05,330622.78,2013,9,3,False,False
2013-09-06,335442.25,2013,9,4,False,False
2013-09-07,518584.25,2013,9,5,False,False
2013-09-08,560852.0,2013,9,6,False,False
2013-09-09,377151.72,2013,9,0,False,False
2013-09-10,308074.47,2013,9,1,False,False
2013-09-11,323124.62,2013,9,2,False,False
2013-09-12,282855.72,2013,9,3,False,False
2013-09-13,319556.94,2013,9,4,False,False
2013-09-14,476364.0,2013,9,5,False,False
2013-09-15,532852.94,2013,9,6,False,True
2013-09-16,373229.84,2013,9,0,False,False
2013-09-17,327282.94,2013,9,1,False,False
2013-09-18,315687.72,2013,9,2,False,False
2013-09-19,279580.38,2013,9,3,False,False
2013-09-20,331846.9,2013,9,4,False,False
2013-09-21,468298.38,2013,9,5,False,False
2013-09-22,502068.7,2013,9,6,False,False
2013-09-23,356043.03,2013,9,0,False,False
2013-09-24,303333.4,2013,9,1,False,False
2013-09-25,312490.1,2013,9,2,False,False
2013-09-26,273057.88,2013,9,3,False,False
2013-09-27,320246.56,2013,9,4,False,False
2013-09-28,484903.7,2013,9,5,False,False
2013-09-29,522868.44,2013,9,6,False,False
2013-09-30,367068.44,2013,9,0,True,True
2013-10-01,436441.03,2013,10,1,False,False
2013-10-02,414455.66,2013,10,2,False,False
2013-10-03,348933.25,2013,10,3,False,False
2013-10-04,378109.97,2013,10,4,False,False
2013-10-05,540156.6,2013,10,5,False,False
2013-10-06,553031.44,2013,10,6,False,False
2013-10-07,373387.1,2013,10,0,False,False
2013-10-08,326726.72,2013,10,1,False,False
2013-10-09,322529.4,2013,10,2,False,False
2013-10-10,305047.1,2013,10,3,False,False
2013-10-11,402913.84,2013,10,4,False,False
2013-10-12,426379.7,2013,10,5,False,False
2013-10-13,481781.25,2013,10,6,False,False
2013-10-14,342694.72,2013,10,0,False,False
2013-10-15,305242.56,2013,10,1,False,True
2013-10-16,355696.97,2013,10,2,False,False
2013-10-17,312949.4,2013,10,3,False,False
2013-10-18,323327.88,2013,10,4,False,False
2013-10-19,488245.56,2013,10,5,False,False
2013-10-20,537713.5,2013,10,6,False,False
2013-10-21,348721.3,2013,10,0,False,False
2013-10-22,301641.78,2013,10,1,False,False
2013-10-23,323105.12,2013,10,2,False,False
2013-10-24,276059.1,2013,10,3,False,False
2013-10-25,317570.44,2013,10,4,False,False
2013-10-26,452902.38,2013,10,5,False,False
2013-10-27,512891.5,2013,10,6,False,False
2013-10-28,346941.9,2013,10,0,False,False
2013-10-29,302333.0,2013,10,1,False,False
2013-10-30,319494.72,2013,10,2,False,False
2013-10-31,298195.44,2013,10,3,True,True
2013-11-01,403637.22,2013,11,4,False,False
2013-11-02,540615.56,2013,11,5,False,False
2013-11-03,602796.56,2013,11,6,False,False
2013-11-04,424314.16,2013,11,0,False,False
2013-11-05,393322.2,2013,11,1,False,False
2013-11-06,386426.97,2013,11,2,False,False
2013-11-07,346293.34,2013,11,3,False,False
2013-11-08,358473.97,2013,11,4,False,False
2013-11-09,513850.3,2013,11,5,False,False
2013-11-10,587666.5,2013,11,6,False,False
2013-11-11,374087.9,2013,11,0,False,False
2013-11-12,373277.75,2013,11,1,False,False
2013-11-13,332279.25,2013,11,2,False,False
2013-11-14,284567.4,2013,11,3,False,False
2013-11-15,349383.28,2013,11,4,False,True
2013-11-16,524065.6,2013,11,5,False,False
2013-11-17,579209.25,2013,11,6,False,False
2013-11-18,391945.56,2013,11,0,False,False
2013-11-19,329455.28,2013,11,1,False,False
2013-11-20,354337.72,2013,11,2,False,False
2013-11-21,298047.06,2013,11,3,False,False
2013-11-22,340734.22,2013,11,4,False,False
2013-11-23,485544.3,2013,11,5,False,False
2013-11-24,550925.3,2013,11,6,False,False
2013-11-25,365965.5,2013,11,0,False,False
2013-11-26,323292.84,2013,11,1,False,False
2013-11-27,337083.28,2013,11,2,False,False
2013-11-28,305982.97,2013,11,3,False,False
2013-11-29,357000.4,2013,11,4,False,False
2013-11-30,541977.7,2013,11,5,True,True
2013-12-01,698217.1,2013,12,6,False,False
2013-12-02,495488.38,2013,12,0,False,False
2013-12-03,424438.03,2013,12,1,False,False
2013-12-04,424147.03,2013,12,2,False,False
2013-12-05,386406.8,2013,12,3,False,False
2013-12-06,432661.75,2013,12,4,False,False
2013-12-07,537181.3,2013,12,5,False,False
2013-12-08,588855.9,2013,12,6,False,False
2013-12-09,442309.3,2013,12,0,False,False
2013-12-10,414421.7,2013,12,1,False,False
2013-12-11,422957.2,2013,12,2,False,False
2013-12-12,384256.1,2013,12,3,False,False
2013-12-13,434657.0,2013,12,4,False,False
2013-12-14,554911.94,2013,12,5,False,False
2013-12-15,642015.75,2013,12,6,False,True
2013-12-16,516060.28,2013,12,0,False,False
2013-12-17,480470.72,2013,12,1,False,False
2013-12-18,527481.3,2013,12,2,False,False
2013-12-19,507461.03,2013,12,3,False,False
2013-12-20,544104.25,2013,12,4,False,False
2013-12-21,685673.06,2013,12,5,False,False
2013-12-22,696295.1,2013,12,6,False,False
2013-12-23,792865.3,2013,12,0,False,False
2013-12-24,620663.3,2013,12,1,False,False
2013-12-26,470731.16,2013,12,3,False,False
2013-12-27,479314.97,2013,12,4,False,False
2013-12-28,556952.3,2013,12,5,False,False
2013-12-29,499719.5,2013,12,6,False,False
2013-12-30,635134.75,2013,12,0,False,False
2013-12-31,507264.66,2013,12,1,True,True
2014-01-01,8602.065,2014,1,2,False,False
2014-01-02,801011.25,2014,1,3,False,False
2014-01-03,680672.9,2014,1,4,False,False
2014-01-04,936628.9,2014,1,5,False,False
2014-01-05,949618.8,2014,1,6,False,False
2014-01-06,602268.56,2014,1,0,False,False
2014-01-07,563450.6,2014,1,1,False,False
2014-01-08,636176.9,2014,1,2,False,False
2014-01-09,496377.94,2014,1,3,False,False
2014-01-10,543055.3,2014,1,4,False,False
2014-01-11,787321.44,2014,1,5,False,False
2014-01-12,844633.6,2014,1,6,False,False
2014-01-13,555547.0,2014,1,0,False,False
2014-01-14,502643.1,2014,1,1,False,False
2014-01-15,567067.5,2014,1,2,False,True
2014-01-16,502789.22,2014,1,3,False,False
2014-01-17,542937.94,2014,1,4,False,False
2014-01-18,786779.9,2014,1,5,False,False
2014-01-19,851735.3,2014,1,6,False,False
2014-01-20,575850.06,2014,1,0,False,False
2014-01-21,538817.2,2014,1,1,False,False
2014-01-22,553097.6,2014,1,2,False,False
2014-01-23,460789.03,2014,1,3,False,False
2014-01-24,526124.56,2014,1,4,False,False
2014-01-25,733881.0,2014,1,5,False,False
2014-01-26,814057.75,2014,1,6,False,False
2014-01-27,540798.8,2014,1,0,False,False
2014-01-28,481593.44,2014,1,1,False,False
2014-01-29,512854.0,2014,1,2,False,False
2014-01-30,453642.97,2014,1,3,False,False
2014-01-31,560816.2,2014,1,4,True,True
2014-02-01,648870.2,2014,2,5,False,False
2014-02-02,619805.56,2014,2,6,False,False
2014-02-03,461637.53,2014,2,0,False,False
2014-02-04,403189.6,2014,2,1,False,False
2014-02-05,399138.3,2014,2,2,False,False
2014-02-06,359139.1,2014,2,3,False,False
2014-02-07,389471.56,2014,2,4,False,False
2014-02-08,530128.06,2014,2,5,False,False
2014-02-09,520753.75,2014,2,6,False,False
2014-02-10,396622.75,2014,2,0,False,False
2014-02-11,358382.72,2014,2,1,False,False
2014-02-12,387758.4,2014,2,2,False,False
2014-02-13,347373.3,2014,2,3,False,False
2014-02-14,361206.4,2014,2,4,False,False
2014-02-15,538893.4,2014,2,5,False,True
2014-02-16,595300.25,2014,2,6,False,False
2014-02-17,412029.28,2014,2,0,False,False
2014-02-18,365331.25,2014,2,1,False,False
2014-02-19,360161.62,2014,2,2,False,False
2014-02-20,322451.9,2014,2,3,False,False
2014-02-21,369403.66,2014,2,4,False,False
2014-02-22,538206.06,2014,2,5,False,False
2014-02-23,487896.47,2014,2,6,False,False
2014-02-24,404224.2,2014,2,0,False,False
2014-02-25,351418.12,2014,2,1,False,False
2014-02-26,353604.28,2014,2,2,False,False
2014-02-27,330330.2,2014,2,3,False,False
2014-02-28,425624.78,2014,2,4,True,True
2014-03-01,911360.25,2014,3,5,False,False
2014-03-02,667413.06,2014,3,6,False,False
2014-03-03,613973.0,2014,3,0,False,False
2014-03-04,748930.9,2014,3,1,False,False
2014-03-05,741756.44,2014,3,2,False,False
2014-03-06,614082.44,2014,3,3,False,False
2014-03-07,598242.3,2014,3,4,False,False
2014-03-08,753345.25,2014,3,5,False,False
2014-03-09,916117.6,2014,3,6,False,False
2014-03-10,587414.8,2014,3,0,False,False
2014-03-11,539365.4,2014,3,1,False,False
2014-03-12,575676.8,2014,3,2,False,False
2014-03-13,473298.03,2014,3,3,False,False
2014-03-14,530515.25,2014,3,4,False,False
2014-03-15,731049.8,2014,3,5,False,True
2014-03-16,929808.5,2014,3,6,False,False
2014-03-17,612719.5,2014,3,0,False,False
2014-03-18,537427.9,2014,3,1,False,False
2014-03-19,585974.7,2014,3,2,False,False
2014-03-20,500897.12,2014,3,3,False,False
2014-03-21,548811.5,2014,3,4,False,False
2014-03-22,771704.94,2014,3,5,False,False
2014-03-23,838814.6,2014,3,6,False,False
2014-03-24,571762.06,2014,3,0,False,False
2014-03-25,539861.6,2014,3,1,False,False
2014-03-26,569680.56,2014,3,2,False,False
2014-03-27,468581.4,2014,3,3,False,False
2014-03-28,538905.8,2014,3,4,False,False
2014-03-29,822333.1,2014,3,5,False,False
2014-03-30,873958.8,2014,3,6,False,False
2014-03-31,651800.5,2014,3,0,True,True
2014-04-01,485079.88,2014,4,1,False,False
2014-04-02,463917.3,2014,4,2,False,False
2014-04-03,388867.97,2014,4,3,False,False
2014-04-04,422578.75,2014,4,4,False,False
2014-04-05,617680.2,2014,4,5,False,False
2014-04-06,631888.25,2014,4,6,False,False
2014-04-07,426091.1,2014,4,0,False,False
2014-04-08,376663.28,2014,4,1,False,False
2014-04-09,375309.1,2014,4,2,False,False
2014-04-10,334052.75,2014,4,3,False,False
2014-04-11,379646.84,2014,4,4,False,False
2014-04-12,529919.94,2014,4,5,False,False
2014-04-13,540190.3,2014,4,6,False,False
2014-04-14,381386.3,2014,4,0,False,False
2014-04-15,364689.06,2014,4,1,False,True
2014-04-16,411357.1,2014,4,2,False,False
2014-04-17,397464.84,2014,4,3,False,False
2014-04-18,394392.2,2014,4,4,False,False
2014-04-19,496904.75,2014,4,5,False,False
2014-04-20,520126.4,2014,4,6,False,False
2014-04-21,398677.4,2014,4,0,False,False
2014-04-22,370552.25,2014,4,1,False,False
2014-04-23,372232.6,2014,4,2,False,False
2014-04-24,320875.47,2014,4,3,False,False
2014-04-25,357173.72,2014,4,4,False,False
2014-04-26,497334.75,2014,4,5,False,False
2014-04-27,560508.44,2014,4,6,False,False
2014-04-28,362271.9,2014,4,0,False,False
2014-04-29,326338.34,2014,4,1,False,False
2014-04-30,357079.97,2014,4,2,True,True
2014-05-01,530380.9,2014,5,3,False,False
2014-05-02,443284.9,2014,5,4,False,False
2014-05-03,610391.75,2014,5,5,False,False
2014-05-04,646164.9,2014,5,6,False,False
2014-05-05,427601.72,2014,5,0,False,False
2014-05-06,388945.88,2014,5,1,False,False
2014-05-07,391932.2,2014,5,2,False,False
2014-05-08,337483.72,2014,5,3,False,False
2014-05-09,381335.2,2014,5,4,False,False
2014-05-10,577012.0,2014,5,5,False,False
2014-05-11,454512.94,2014,5,6,False,False
2014-05-12,398251.88,2014,5,0,False,False
2014-05-13,360734.53,2014,5,1,False,False
2014-05-14,356373.8,2014,5,2,False,False
2014-05-15,332272.84,2014,5,3,False,True
2014-05-16,380822.75,2014,5,4,False,False
2014-05-17,537873.94,2014,5,5,False,False
2014-05-18,634519.75,2014,5,6,False,False
2014-05-19,388814.75,2014,5,0,False,False
2014-05-20,354372.34,2014,5,1,False,False
2014-05-21,356898.47,2014,5,2,False,False
2014-05-22,310660.16,2014,5,3,False,False
2014-05-23,349549.9,2014,5,4,False,False
2014-05-24,516627.25,2014,5,5,False,False
2014-05-25,573412.2,2014,5,6,False,False
2014-05-26,373831.1,2014,5,0,False,False
2014-05-27,327642.16,2014,5,1,False,False
2014-05-28,338481.78,2014,5,2,False,False
2014-05-29,326624.56,2014,5,3,False,False
2014-05-30,375782.62,2014,5,4,False,False
2014-05-31,597192.44,2014,5,5,True,True
2014-06-01,742732.8,2014,6,6,False,False
2014-06-02,512725.78,2014,6,0,False,False
2014-06-03,443636.2,2014,6,1,False,False
2014-06-04,423284.5,2014,6,2,False,False
2014-06-05,359474.5,2014,6,3,False,False
2014-06-06,391266.12,2014,6,4,False,False
2014-06-07,557142.44,2014,6,5,False,False
2014-06-08,626026.94,2014,6,6,False,False
2014-06-09,415798.94,2014,6,0,False,False
2014-06-10,351689.44,2014,6,1,False,False
2014-06-11,373828.16,2014,6,2,False,False
2014-06-12,329408.06,2014,6,3,False,False
2014-06-13,392308.38,2014,6,4,False,False
2014-06-14,622073.0,2014,6,5,False,False
2014-06-15,441279.94,2014,6,6,False,True
2014-06-16,447450.25,2014,6,0,False,False
2014-06-17,380396.03,2014,6,1,False,False
2014-06-18,373408.66,2014,6,2,False,False
2014-06-19,332280.94,2014,6,3,False,False
2014-06-20,369206.78,2014,6,4,False,False
2014-06-21,538613.9,2014,6,5,False,False
2014-06-22,591184.1,2014,6,6,False,False
2014-06-23,414929.62,2014,6,0,False,False
2014-06-24,340464.75,2014,6,1,False,False
2014-06-25,355342.4,2014,6,2,False,False
2014-06-26,315798.2,2014,6,3,False,False
2014-06-27,370793.56,2014,6,4,False,False
2014-06-28,510870.8,2014,6,5,False,False
2014-06-29,567218.9,2014,6,6,False,False
2014-06-30,429324.06,2014,6,0,True,True
2014-07-01,720480.6,2014,7,1,False,False
2014-07-02,747430.1,2014,7,2,False,False
2014-07-03,583844.75,2014,7,3,False,False
2014-07-04,595424.3,2014,7,4,False,False
2014-07-05,817307.1,2014,7,5,False,False
2014-07-06,918276.6,2014,7,6,False,False
2014-07-07,638526.44,2014,7,0,False,False
2014-07-08,557291.5,2014,7,1,False,False
2014-07-09,574451.44,2014,7,2,False,False
2014-07-10,498047.56,2014,7,3,False,False
2014-07-11,535644.2,2014,7,4,False,False
2014-07-12,756698.75,2014,7,5,False,False
2014-07-13,733653.75,2014,7,6,False,False
2014-07-14,584867.1,2014,7,0,False,False
2014-07-15,562860.0,2014,7,1,False,True
2014-07-16,621336.5,2014,7,2,False,False
2014-07-17,498221.72,2014,7,3,False,False
2014-07-18,547619.06,2014,7,4,False,False
2014-07-19,728988.25,2014,7,5,False,False
2014-07-20,776474.1,2014,7,6,False,False
2014-07-21,600228.44,2014,7,0,False,False
2014-07-22,530276.06,2014,7,1,False,False
2014-07-23,574168.6,2014,7,2,False,False
2014-07-24,484618.8,2014,7,3,False,False
2014-07-25,579767.3,2014,7,4,False,False
2014-07-26,688919.56,2014,7,5,False,False
2014-07-27,747307.9,2014,7,6,False,False
2014-07-28,583936.7,2014,7,0,False,False
2014-07-29,524743.3,2014,7,1,False,False
2014-07-30,578056.94,2014,7,2,False,False
2014-07-31,532423.56,2014,7,3,True,True
2014-08-01,506826.78,2014,8,4,False,False
2014-08-02,626533.6,2014,8,5,False,False
2014-08-03,625898.2,2014,8,6,False,False
2014-08-04,471173.3,2014,8,0,False,False
2014-08-05,417197.47,2014,8,1,False,False
2014-08-06,402914.38,2014,8,2,False,False
2014-08-07,359701.53,2014,8,3,False,False
2014-08-08,397759.94,2014,8,4,False,False
2014-08-09,496192.78,2014,8,5,False,False
2014-08-10,509681.75,2014,8,6,False,False
2014-08-11,409544.56,2014,8,0,False,False
2014-08-12,353898.22,2014,8,1,False,False
2014-08-13,372116.53,2014,8,2,False,False
2014-08-14,340740.8,2014,8,3,False,False
2014-08-15,402631.84,2014,8,4,False,True
2014-08-16,533996.1,2014,8,5,False,False
2014-08-17,564443.2,2014,8,6,False,False
2014-08-18,433042.3,2014,8,0,False,False
2014-08-19,379329.94,2014,8,1,False,False
2014-08-20,398126.78,2014,8,2,False,False
2014-08-21,355108.88,2014,8,3,False,False
2014-08-22,388359.9,2014,8,4,False,False
2014-08-23,499678.22,2014,8,5,False,False
2014-08-24,528990.56,2014,8,6,False,False
2014-08-25,412250.06,2014,8,0,False,False
2014-08-26,355053.9,2014,8,1,False,False
2014-08-27,366321.5,2014,8,2,False,False
2014-08-28,327912.44,2014,8,3,False,False
2014-08-29,403288.9,2014,8,4,False,False
2014-08-30,586373.7,2014,8,5,False,False
2014-08-31,660088.2,2014,8,6,True,True
2014-09-01,812526.2,2014,9,0,False,False
2014-09-02,717351.56,2014,9,1,False,False
2014-09-03,726683.9,2014,9,2,False,False
2014-09-04,551340.06,2014,9,3,False,False
2014-09-05,603043.25,2014,9,4,False,False
2014-09-06,870139.44,2014,9,5,False,False
2014-09-07,997964.06,2014,9,6,False,False
2014-09-08,648651.75,2014,9,0,False,False
2014-09-09,562420.56,2014,9,1,False,False
2014-09-10,612987.5,2014,9,2,False,False
2014-09-11,483462.94,2014,9,3,False,False
2014-09-12,564382.9,2014,9,4,False,False
2014-09-13,795802.25,2014,9,5,False,False
2014-09-14,896501.56,2014,9,6,False,False
2014-09-15,630710.56,2014,9,0,False,True
2014-09-16,608240.0,2014,9,1,False,False
2014-09-17,617472.3,2014,9,2,False,False
2014-09-18,479500.84,2014,9,3,False,False
2014-09-19,550213.1,2014,9,4,False,False
2014-09-20,808490.75,2014,9,5,False,False
2014-09-21,901420.44,2014,9,6,False,False
2014-09-22,589120.3,2014,9,0,False,False
2014-09-23,559954.3,2014,9,1,False,False
2014-09-24,598183.1,2014,9,2,False,False
2014-09-25,466867.38,2014,9,3,False,False
2014-09-26,515474.22,2014,9,4,False,False
2014-09-27,781202.4,2014,9,5,False,False
2014-09-28,886531.8,2014,9,6,False,False
2014-09-29,586682.8,2014,9,0,False,False
2014-09-30,599093.94,2014,9,1,True,True
2014-10-01,784500.25,2014,10,2,False,False
2014-10-02,634306.5,2014,10,3,False,False
2014-10-03,675639.3,2014,10,4,False,False
2014-10-04,931317.5,2014,10,5,False,False
2014-10-05,985466.94,2014,10,6,False,False
2014-10-06,641480.75,2014,10,0,False,False
2014-10-07,586410.25,2014,10,1,False,False
2014-10-08,620201.3,2014,10,2,False,False
2014-10-09,510519.94,2014,10,3,False,False
2014-10-10,702470.3,2014,10,4,False,False
2014-10-11,748309.1,2014,10,5,False,False
2014-10-12,843971.1,2014,10,6,False,False
2014-10-13,611726.94,2014,10,0,False,False
2014-10-14,550589.56,2014,10,1,False,False
2014-10-15,624797.5,2014,10,2,False,True
2014-10-16,538252.6,2014,10,3,False,False
2014-10-17,558538.1,2014,10,4,False,False
2014-10-18,820840.94,2014,10,5,False,False
2014-10-19,935410.56,2014,10,6,False,False
2014-10-20,624630.0,2014,10,0,False,False
2014-10-21,542207.2,2014,10,1,False,False
2014-10-22,584926.4,2014,10,2,False,False
2014-10-23,492233.22,2014,10,3,False,False
2014-10-24,528403.7,2014,10,4,False,False
2014-10-25,758926.25,2014,10,5,False,False
2014-10-26,892128.5,2014,10,6,False,False
2014-10-27,572806.6,2014,10,0,False,False
2014-10-28,512678.8,2014,10,1,False,False
2014-10-29,560819.7,2014,10,2,False,False
2014-10-30,459715.28,2014,10,3,False,False
2014-10-31,561876.06,2014,10,4,True,True
2014-11-01,873539.25,2014,11,5,False,False
2014-11-02,709851.5,2014,11,6,False,False
2014-11-03,973192.06,2014,11,0,False,False
2014-11-04,702751.94,2014,11,1,False,False
2014-11-05,718799.94,2014,11,2,False,False
2014-11-06,566118.4,2014,11,3,False,False
2014-11-07,585330.25,2014,11,4,False,False
2014-11-08,816064.6,2014,11,5,False,False
2014-11-09,941478.44,2014,11,6,False,False
2014-11-10,593376.8,2014,11,0,False,False
2014-11-11,552505.75,2014,11,1,False,False
2014-11-12,588093.5,2014,11,2,False,False
2014-11-13,468057.38,2014,11,3,False,False
2014-11-14,553008.0,2014,11,4,False,False
2014-11-15,786124.2,2014,11,5,False,True
2014-11-16,956619.4,2014,11,6,False,False
2014-11-17,620876.3,2014,11,0,False,False
2014-11-18,553367.2,2014,11,1,False,False
2014-11-19,580234.0,2014,11,2,False,False
2014-11-20,511855.75,2014,11,3,False,False
2014-11-21,567978.75,2014,11,4,False,False
2014-11-22,763720.1,2014,11,5,False,False
2014-11-23,907432.7,2014,11,6,False,False
2014-11-24,610847.94,2014,11,0,False,False
2014-11-25,541225.6,2014,11,1,False,False
2014-11-26,579125.3,2014,11,2,False,False
2014-11-27,475823.9,2014,11,3,False,False
2014-11-28,559619.8,2014,11,4,False,False
2014-11-29,850925.1,2014,11,5,False,False
2014-11-30,1.02369125e+06,2014,11,6,True,True
2014-12-01,817413.56,2014,12,0,False,False
2014-12-02,735319.2,2014,12,1,False,False
2014-12-03,715127.6,2014,12,2,False,False
2014-12-04,578961.5,2014,12,3,False,False
2014-12-05,635445.1,2014,12,4,False,False
2014-12-06,829386.7,2014,12,5,False,False
2014-12-07,1.0138898e+06,2014,12,6,False,False
2014-12-08,790283.3,2014,12,0,False,False
2014-12-09,665123.94,2014,12,1,False,False
2014-12-10,732121.06,2014,12,2,False,False
2014-12-11,580542.2,2014,12,3,False,False
2014-12-12,642760.4,2014,12,4,False,False
2014-12-13,854830.9,2014,12,5,False,False
2014-12-14,999106.1,2014,12,6,False,False
2014-12-15,790182.94,2014,12,0,False,True
2014-12-16,799067.06,2014,12,1,False,False
2014-12-17,779966.5,2014,12,2,False,False
2014-12-18,731938.5,2014,12,3,False,False
2014-12-19,757349.4,2014,12,4,False,False
2014-12-20,935555.5,2014,12,5,False,False
2014-12-21,1.0566052e+06,2014,12,6,False,False
2014-12-22,1.0081434e+06,2014,12,0,False,False
2014-12-23,1.064978e+06,2014,12,1,False,False
2014-12-24,965982.9,2014,12,2,False,False
2014-12-26,872098.44,2014,12,4,False,False
2014-12-27,740596.2,2014,12,5,False,False
2014-12-28,716329.6,2014,12,6,False,False
2014-12-29,773998.4,2014,12,0,False,False
2014-12-30,912970.56,2014,12,1,False,False
2014-12-31,844380.5,2014,12,2,True,True
2015-01-01,12773.617,2015,1,3,False,False
2015-01-02,657763.4,2015,1,4,False,False
2015-01-03,648880.7,2015,1,5,False,False
2015-01-04,730923.75,2015,1,6,False,False
2015-01-05,569267.3,2015,1,0,False,False
2015-01-06,477886.75,2015,1,1,False,False
2015-01-07,494160.84,2015,1,2,False,False
2015-01-08,417482.7,2015,1,3,False,False
2015-01-09,439381.22,2015,1,4,False,False
2015-01-10,569956.94,2015,1,5,False,False
2015-01-11,694860.94,2015,1,6,False,False
2015-01-12,442845.53,2015,1,0,False,False
2015-01-13,393800.0,2015,1,1,False,False
2015-01-14,400923.97,2015,1,2,False,False
2015-01-15,371146.16,2015,1,3,False,True
2015-01-16,423599.94,2015,1,4,False,False
2015-01-17,621865.44,2015,1,5,False,False
2015-01-18,678277.06,2015,1,6,False,False
2015-01-19,448217.9,2015,1,0,False,False
2015-01-20,405308.78,2015,1,1,False,False
2015-01-21,413202.6,2015,1,2,False,False
2015-01-22,364862.53,2015,1,3,False,False
2015-01-23,416937.2,2015,1,4,False,False
2015-01-24,588849.9,2015,1,5,False,False
2015-01-25,631623.94,2015,1,6,False,False
2015-01-26,410009.62,2015,1,0,False,False
2015-01-27,360009.84,2015,1,1,False,False
2015-01-28,376935.9,2015,1,2,False,False
2015-01-29,343062.16,2015,1,3,False,False
2015-01-30,435899.66,2015,1,4,False,False
2015-01-31,656205.8,2015,1,5,True,True
2015-02-01,815294.5,2015,2,6,False,False
2015-02-02,538301.9,2015,2,0,False,False
2015-02-03,475249.84,2015,2,1,False,False
2015-02-04,451923.16,2015,2,2,False,False
2015-02-05,407491.97,2015,2,3,False,False
2015-02-06,437147.53,2015,2,4,False,False
2015-02-07,599911.6,2015,2,5,False,False
2015-02-08,622994.25,2015,2,6,False,False
2015-02-09,458002.16,2015,2,0,False,False
2015-02-10,400826.0,2015,2,1,False,False
2015-02-11,400115.34,2015,2,2,False,False
2015-02-12,384963.16,2015,2,3,False,False
2015-02-13,493265.47,2015,2,4,False,False
2015-02-14,562855.06,2015,2,5,False,False
2015-02-15,434886.66,2015,2,6,False,True
2015-02-16,420740.9,2015,2,0,False,False
2015-02-17,483088.12,2015,2,1,False,False
2015-02-18,497499.06,2015,2,2,False,False
2015-02-19,436360.9,2015,2,3,False,False
2015-02-20,483681.0,2015,2,4,False,False
2015-02-21,572753.06,2015,2,5,False,False
2015-02-22,691339.06,2015,2,6,False,False
2015-02-23,443349.9,2015,2,0,False,False
2015-02-24,407890.28,2015,2,1,False,False
2015-02-25,395774.97,2015,2,2,False,False
2015-02-26,354938.22,2015,2,3,False,False
2015-02-27,436488.44,2015,2,4,False,False
2015-02-28,635263.4,2015,2,5,True,True
2015-03-01,820435.0,2015,3,6,False,False
2015-03-02,546037.8,2015,3,0,False,False
2015-03-03,492365.25,2015,3,1,False,False
2015-03-04,483330.56,2015,3,2,False,False
2015-03-05,428599.8,2015,3,3,False,False
2015-03-06,463723.97,2015,3,4,False,False
2015-03-07,657377.2,2015,3,5,False,False
2015-03-08,659563.44,2015,3,6,False,False
2015-03-09,480371.94,2015,3,0,False,False
2015-03-10,457881.75,2015,3,1,False,False
2015-03-11,425617.72,2015,3,2,False,False
2015-03-12,382588.66,2015,3,3,False,False
2015-03-13,434806.0,2015,3,4,False,False
2015-03-14,616609.75,2015,3,5,False,False
2015-03-15,662700.9,2015,3,6,False,True
2015-03-16,466598.44,2015,3,0,False,False
2015-03-17,415359.53,2015,3,1,False,False
2015-03-18,398630.0,2015,3,2,False,False
2015-03-19,373324.38,2015,3,3,False,False
2015-03-20,467687.94,2015,3,4,False,False
2015-03-21,624099.25,2015,3,5,False,False
2015-03-22,646466.4,2015,3,6,False,False
2015-03-23,462664.25,2015,3,0,False,False
2015-03-24,407369.72,2015,3,1,False,False
2015-03-25,408258.2,2015,3,2,False,False
2015-03-26,367006.97,2015,3,3,False,False
2015-03-27,436906.6,2015,3,4,False,False
2015-03-28,589854.7,2015,3,5,False,False
2015-03-29,641213.75,2015,3,6,False,False
2015-03-30,437878.84,2015,3,0,False,False
2015-03-31,443278.9,2015,3,1,True,True
2015-04-01,557223.2,2015,4,2,False,False
2015-04-02,524588.9,2015,4,3,False,False
2015-04-03,510296.78,2015,4,4,False,False
2015-04-04,653894.2,2015,4,5,False,False
2015-04-05,659669.56,2015,4,6,False,False
2015-04-06,519734.8,2015,4,0,False,False
2015-04-07,464788.22,2015,4,1,False,False
2015-04-08,461140.22,2015,4,2,False,False
2015-04-09,398718.3,2015,4,3,False,False
2015-04-10,445869.3,2015,4,4,False,False
2015-04-11,610603.0,2015,4,5,False,False
2015-04-12,659939.0,2015,4,6,False,False
2015-04-13,453724.75,2015,4,0,False,False
2015-04-14,403623.4,2015,4,1,False,False
2015-04-15,438106.28,2015,4,2,False,True
2015-04-16,418643.2,2015,4,3,False,False
2015-04-17,456303.25,2015,4,4,False,False
2015-04-18,629155.7,2015,4,5,False,False
2015-04-19,684544.94,2015,4,6,False,False
2015-04-20,481694.78,2015,4,0,False,False
2015-04-21,426018.3,2015,4,1,False,False
2015-04-22,421108.22,2015,4,2,False,False
2015-04-23,392147.03,2015,4,3,False,False
2015-04-24,437625.5,2015,4,4,False,False
2015-04-25,588781.5,2015,4,5,False,False
2015-04-26,625901.0,2015,4,6,False,False
2015-04-27,425049.16,2015,4,0,False,False
2015-04-28,374839.2,2015,4,1,False,False
2015-04-29,398724.34,2015,4,2,False,False
2015-04-30,432612.16,2015,4,3,True,True
2015-05-01,674509.4,2015,5,4,False,False
2015-05-02,711052.25,2015,5,5,False,False
2015-05-03,742887.8,2015,5,6,False,False
2015-05-04,556245.1,2015,5,0,False,False
2015-05-05,509493.22,2015,5,1,False,False
2015-05-06,504999.56,2015,5,2,False,False
2015-05-07,444082.3,2015,5,3,False,False
2015-05-08,481304.22,2015,5,4,False,False
2015-05-09,706705.44,2015,5,5,False,False
2015-05-10,558062.25,2015,5,6,False,False
2015-05-11,524864.06,2015,5,0,False,False
2015-05-12,452162.88,2015,5,1,False,False
2015-05-13,446915.62,2015,5,2,False,False
2015-05-14,395609.66,2015,5,3,False,False
2015-05-15,483535.53,2015,5,4,False,True
2015-05-16,709798.56,2015,5,5,False,False
2015-05-17,798186.1,2015,5,6,False,False
2015-05-18,496595.0,2015,5,0,False,False
2015-05-19,446375.5,2015,5,1,False,False
2015-05-20,466238.62,2015,5,2,False,False
2015-05-21,417006.12,2015,5,3,False,False
2015-05-22,458727.9,2015,5,4,False,False
2015-05-23,658882.94,2015,5,5,False,False
2015-05-24,738068.44,2015,5,6,False,False
2015-05-25,534802.8,2015,5,0,False,False
2015-05-26,463132.4,2015,5,1,False,False
2015-05-27,481804.97,2015,5,2,False,False
2015-05-28,428506.88,2015,5,3,False,False
2015-05-29,560519.5,2015,5,4,False,False
2015-05-30,855728.3,2015,5,5,False,False
2015-05-31,1.02356475e+06,2015,5,6,True,True
2015-06-01,812081.2,2015,6,0,False,False
2015-06-02,753430.6,2015,6,1,False,False
2015-06-03,747929.44,2015,6,2,False,False
2015-06-04,608994.6,2015,6,3,False,False
2015-06-05,657675.1,2015,6,4,False,False
2015-06-06,904437.25,2015,6,5,False,False
2015-06-07,1.0706959e+06,2015,6,6,False,False
2015-06-08,696952.8,2015,6,0,False,False
2015-06-09,623725.1,2015,6,1,False,False
2015-06-10,641435.4,2015,6,2,False,False
2015-06-11,510019.16,2015,6,3,False,False
2015-06-12,606616.0,2015,6,4,False,False
2015-06-13,840727.75,2015,6,5,False,False
2015-06-14,967745.75,2015,6,6,False,False
2015-06-15,666557.1,2015,6,0,False,True
2015-06-16,672637.8,2015,6,1,False,False
2015-06-17,677171.2,2015,6,2,False,False
2015-06-18,556155.06,2015,6,3,False,False
2015-06-19,659233.56,2015,6,4,False,False
2015-06-20,936951.6,2015,6,5,False,False
2015-06-21,790568.44,2015,6,6,False,False
2015-06-22,701208.25,2015,6,0,False,False
2015-06-23,640322.3,2015,6,1,False,False
2015-06-24,643411.7,2015,6,2,False,False
2015-06-25,518700.97,2015,6,3,False,False
2015-06-26,593299.44,2015,6,4,False,False
2015-06-27,831492.44,2015,6,5,False,False
2015-06-28,976563.56,2015,6,6,False,False
2015-06-29,639072.2,2015,6,0,False,False
2015-06-30,669548.44,2015,6,1,True,True
2015-07-01,885953.2,2015,7,2,False,False
2015-07-02,705642.3,2015,7,3,False,False
2015-07-03,772773.4,2015,7,4,False,False
2015-07-04,1.0185418e+06,2015,7,5,False,False
2015-07-05,982427.7,2015,7,6,False,False
2015-07-06,754949.7,2015,7,0,False,False
2015-07-07,654821.06,2015,7,1,False,False
2015-07-08,732992.1,2015,7,2,False,False
2015-07-09,605032.5,2015,7,3,False,False
2015-07-10,643986.4,2015,7,4,False,False
2015-07-11,794984.7,2015,7,5,False,False
2015-07-12,898731.94,2015,7,6,False,False
2015-07-13,647967.06,2015,7,0,False,False
2015-07-14,601452.25,2015,7,1,False,False
2015-07-15,664505.1,2015,7,2,False,True
2015-07-16,584042.75,2015,7,3,False,False
2015-07-17,653452.2,2015,7,4,False,False
2015-07-18,826353.3,2015,7,5,False,False
2015-07-19,894707.3,2015,7,6,False,False
2015-07-20,685961.25,2015,7,0,False,False
2015-07-21,607836.5,2015,7,1,False,False
2015-07-22,631385.44,2015,7,2,False,False
2015-07-23,541511.44,2015,7,3,False,False
2015-07-24,635244.25,2015,7,4,False,False
2015-07-25,797427.5,2015,7,5,False,False
2015-07-26,875032.06,2015,7,6,False,False
2015-07-27,652999.2,2015,7,0,False,False
2015-07-28,594977.7,2015,7,1,False,False
2015-07-29,625450.0,2015,7,2,False,False
2015-07-30,543393.56,2015,7,3,False,False
2015-07-31,695083.44,2015,7,4,True,True
2015-08-01,1.0448948e+06,2015,8,5,False,False
2015-08-02,1.0434955e+06,2015,8,6,False,False
2015-08-03,811119.8,2015,8,0,False,False
2015-08-04,726613.4,2015,8,1,False,False
2015-08-05,724346.56,2015,8,2,False,False
2015-08-06,583375.2,2015,8,3,False,False
2015-08-07,663326.5,2015,8,4,False,False
2015-08-08,784099.2,2015,8,5,False,False
2015-08-09,679410.1,2015,8,6,False,False
2015-08-10,785477.94,2015,8,0,False,False
2015-08-11,668280.4,2015,8,1,False,False
2015-08-12,678064.75,2015,8,2,False,False
2015-08-13,557859.5,2015,8,3,False,False
2015-08-14,734484.2,2015,8,4,False,False
2015-08-15,936339.0,2015,8,5,False,True
2015-08-16,913846.6,2015,8,6,False,False
2015-08-17,694747.2,2015,8,0,False,False
2015-08-18,629475.6,2015,8,1,False,False
2015-08-19,653733.4,2015,8,2,False,False
2015-08-20,569443.7,2015,8,3,False,False
2015-08-21,653281.2,2015,8,4,False,False
2015-08-22,803270.2,2015,8,5,False,False
2015-08-23,865755.4,2015,8,6,False,False
2015-08-24,681576.0,2015,8,0,False,False
2015-08-25,624698.3,2015,8,1,False,False
2015-08-26,640076.0,2015,8,2,False,False
2015-08-27,548043.3,2015,8,3,False,False
2015-08-28,635737.25,2015,8,4,False,False
2015-08-29,876953.1,2015,8,5,False,False
2015-08-30,975697.6,2015,8,6,False,False
2015-08-31,776152.56,2015,8,0,True,True
2015-09-01,906550.0,2015,9,1,False,False
2015-09-02,879033.06,2015,9,2,False,False
2015-09-03,707093.06,2015,9,3,False,False
2015-09-04,736395.3,2015,9,4,False,False
2015-09-05,1.0528684e+06,2015,9,5,False,False
2015-09-06,1.1476426e+06,2015,9,6,False,False
2015-09-07,767382.75,2015,9,0,False,False
2015-09-08,677312.25,2015,9,1,False,False
2015-09-09,705633.5,2015,9,2,False,False
2015-09-10,577743.8,2015,9,3,False,False
2015-09-11,651330.2,2015,9,4,False,False
2015-09-12,921524.44,2015,9,5,False,False
2015-09-13,1.0233453e+06,2015,9,6,False,False
2015-09-14,688405.2,2015,9,0,False,False
2015-09-15,682134.4,2015,9,1,False,True
2015-09-16,742089.7,2015,9,2,False,False
2015-09-17,593577.8,2015,9,3,False,False
2015-09-18,653805.9,2015,9,4,False,False
2015-09-19,935893.5,2015,9,5,False,False
2015-09-20,1.0375329e+06,2015,9,6,False,False
2015-09-21,717725.4,2015,9,0,False,False
2015-09-22,641914.75,2015,9,1,False,False
2015-09-23,690419.75,2015,9,2,False,False
2015-09-24,557321.6,2015,9,3,False,False
2015-09-25,646083.9,2015,9,4,False,False
2015-09-26,890486.06,2015,9,5,False,False
2015-09-27,1.01806294e+06,2015,9,6,False,False
2015-09-28,671261.06,2015,9,0,False,False
2015-09-29,609130.7,2015,9,1,False,False
2015-09-30,711182.56,2015,9,2,True,True
2015-10-01,796340.9,2015,10,3,False,False
2015-10-02,830719.4,2015,10,4,False,False
2015-10-03,1.1793761e+06,2015,10,5,False,False
2015-10-04,1.2341309e+06,2015,10,6,False,False
2015-10-05,809524.8,2015,10,0,False,False
2015-10-06,696169.25,2015,10,1,False,False
2015-10-07,720562.3,2015,10,2,False,False
2015-10-08,603066.0,2015,10,3,False,False
2015-10-09,873934.75,2015,10,4,False,False
2015-10-10,867557.0,2015,10,5,False,False
2015-10-11,973329.2,2015,10,6,False,False
2015-10-12,721634.56,2015,10,0,False,False
2015-10-13,585141.56,2015,10,1,False,False
2015-10-14,688198.1,2015,10,2,False,False
2015-10-15,577952.2,2015,10,3,False,True
2015-10-16,693829.4,2015,10,4,False,False
2015-10-17,958052.94,2015,10,5,False,False
2015-10-18,1.0714771e+06,2015,10,6,False,False
2015-10-19,699259.5,2015,10,0,False,False
2015-10-20,660308.4,2015,10,1,False,False
2015-10-21,672847.4,2015,10,2,False,False
2015-10-22,547020.06,2015,10,3,False,False
2015-10-23,639040.6,2015,10,4,False,False
2015-10-24,859950.7,2015,10,5,False,False
2015-10-25,1.0187831e+06,2015,10,6,False,False
2015-10-26,649914.4,2015,10,0,False,False
2015-10-27,587066.1,2015,10,1,False,False
2015-10-28,599388.1,2015,10,2,False,False
2015-10-29,511860.06,2015,10,3,False,False
2015-10-30,635875.9,2015,10,4,False,False
2015-10-31,915956.9,2015,10,5,True,True
2015-11-01,819250.4,2015,11,6,False,False
2015-11-02,762549.8,2015,11,0,False,False
2015-11-03,1.0334391e+06,2015,11,1,False,False
2015-11-04,855494.44,2015,11,2,False,False
2015-11-05,649662.7,2015,11,3,False,False
2015-11-06,671145.8,2015,11,4,False,False
2015-11-07,929723.4,2015,11,5,False,False
2015-11-08,1.077362e+06,2015,11,6,False,False
2015-11-09,683644.9,2015,11,0,False,False
2015-11-10,623529.2,2015,11,1,False,False
2015-11-11,689746.2,2015,11,2,False,False
2015-11-12,506937.66,2015,11,3,False,False
2015-11-13,626674.0,2015,11,4,False,False
2015-11-14,867597.3,2015,11,5,False,False
2015-11-15,1.0561595e+06,2015,11,6,False,True
2015-11-16,716508.7,2015,11,0,False,False
2015-11-17,618920.0,2015,11,1,False,False
2015-11-18,683954.2,2015,11,2,False,False
2015-11-19,560452.56,2015,11,3,False,False
2015-11-20,665619.7,2015,11,4,False,False
2015-11-21,863726.9,2015,11,5,False,False
2015-11-22,1.0158443e+06,2015,11,6,False,False
2015-11-23,696685.44,2015,11,0,False,False
2015-11-24,612710.2,2015,11,1,False,False
2015-11-25,658917.8,2015,11,2,False,False
2015-11-26,530358.3,2015,11,3,False,False
2015-11-27,645087.06,2015,11,4,False,False
2015-11-28,850596.0,2015,11,5,False,False
2015-11-29,1.0706198e+06,2015,11,6,False,False
2015-11-30,762036.1,2015,11,0,True,True
2015-12-01,857620.94,2015,12,1,False,False
2015-12-02,867269.56,2015,12,2,False,False
2015-12-03,676883.0,2015,12,3,False,False
2015-12-04,749354.1,2015,12,4,False,False
2015-12-05,966202.4,2015,12,5,False,False
2015-12-06,1.1431194e+06,2015,12,6,False,False
2015-12-07,822334.7,2015,12,0,False,False
2015-12-08,712569.2,2015,12,1,False,False
2015-12-09,747893.8,2015,12,2,False,False
2015-12-10,657427.2,2015,12,3,False,False
2015-12-11,708392.8,2015,12,4,False,False
2015-12-12,915667.9,2015,12,5,False,False
2015-12-13,1.0594254e+06,2015,12,6,False,False
2015-12-14,811613.75,2015,12,0,False,False
2015-12-15,779809.94,2015,12,1,False,True
2015-12-16,859930.25,2015,12,2,False,False
2015-12-17,809809.75,2015,12,3,False,False
2015-12-18,893569.9,2015,12,4,False,False
2015-12-19,1.0955235e+06,2015,12,5,False,False
2015-12-20,1.175417e+06,2015,12,6,False,False
2015-12-21,1.0728875e+06,2015,12,0,False,False
2015-12-22,1.1418619e+06,2015,12,1,False,False
2015-12-23,1.196146e+06,2015,12,2,False,False
2015-12-24,1.0836804e+06,2015,12,3,False,False
2015-12-26,946725.2,2015,12,5,False,False
2015-12-27,837714.1,2015,12,6,False,False
2015-12-28,789684.94,2015,12,0,False,False
2015-12-29,870762.0,2015,12,1,False,False
2015-12-30,1.03004375e+06,2015,12,2,False,False
2015-12-31,964641.56,2015,12,3,True,True
2016-01-01,16433.395,2016,1,4,False,False
2016-01-02,1.0666774e+06,2016,1,5,False,False
2016-01-03,1.2267358e+06,2016,1,6,False,False
2016-01-04,955956.9,2016,1,0,False,False
2016-01-05,835320.44,2016,1,1,False,False
2016-01-06,821685.7,2016,1,2,False,False
2016-01-07,653504.4,2016,1,3,False,False
2016-01-08,713608.3,2016,1,4,False,False
2016-01-09,989209.44,2016,1,5,False,False
2016-01-10,1.0946939e+06,2016,1,6,False,False
2016-01-11,705495.25,2016,1,0,False,False
2016-01-12,647058.44,2016,1,1,False,False
2016-01-13,660045.3,2016,1,2,False,False
2016-01-14,561972.6,2016,1,3,False,False
2016-01-15,671027.1,2016,1,4,False,True
2016-01-16,959827.1,2016,1,5,False,False
2016-01-17,1.0579974e+06,2016,1,6,False,False
2016-01-18,709784.25,2016,1,0,False,False
2016-01-19,630929.75,2016,1,1,False,False
2016-01-20,738744.0,2016,1,2,False,False
2016-01-21,552820.75,2016,1,3,False,False
2016-01-22,648431.44,2016,1,4,False,False
2016-01-23,906754.8,2016,1,5,False,False
2016-01-24,980927.75,2016,1,6,False,False
2016-01-25,658090.7,2016,1,0,False,False
2016-01-26,609465.8,2016,1,1,False,False
2016-01-27,647254.7,2016,1,2,False,False
2016-01-28,533709.9,2016,1,3,False,False
2016-01-29,660492.75,2016,1,4,False,False
2016-01-30,969938.4,2016,1,5,False,False
2016-01-31,1.0932112e+06,2016,1,6,True,True
2016-02-01,872063.3,2016,2,0,False,False
2016-02-02,765233.2,2016,2,1,False,False
2016-02-03,772360.94,2016,2,2,False,False
2016-02-04,650328.2,2016,2,3,False,False
2016-02-05,768586.5,2016,2,4,False,False
2016-02-06,941954.06,2016,2,5,False,False
2016-02-07,697791.6,2016,2,6,False,False
2016-02-08,636542.7,2016,2,0,False,False
2016-02-09,746939.6,2016,2,1,False,False
2016-02-10,790988.7,2016,2,2,False,False
2016-02-11,646376.4,2016,2,3,False,False
2016-02-12,698152.06,2016,2,4,False,False
2016-02-13,859023.0,2016,2,5,False,False
2016-02-14,940214.5,2016,2,6,False,False
2016-02-15,746671.3,2016,2,0,False,True
2016-02-16,719111.9,2016,2,1,False,False
2016-02-17,723794.75,2016,2,2,False,False
2016-02-18,570072.7,2016,2,3,False,False
2016-02-19,672510.1,2016,2,4,False,False
2016-02-20,883790.2,2016,2,5,False,False
2016-02-21,991384.25,2016,2,6,False,False
2016-02-22,698907.6,2016,2,0,False,False
2016-02-23,641329.06,2016,2,1,False,False
2016-02-24,675573.4,2016,2,2,False,False
2016-02-25,557959.3,2016,2,3,False,False
2016-02-26,641922.8,2016,2,4,False,False
2016-02-27,916704.06,2016,2,5,False,False
2016-02-28,994502.75,2016,2,6,False,False
2016-02-29,726619.75,2016,2,0,True,True
2016-03-01,897927.6,2016,3,1,False,False
2016-03-02,878452.4,2016,3,2,False,False
2016-03-03,671564.75,2016,3,3,False,False
2016-03-04,747546.8,2016,3,4,False,False
2016-03-05,1.0286207e+06,2016,3,5,False,False
2016-03-06,1.0789585e+06,2016,3,6,False,False
2016-03-07,738126.5,2016,3,0,False,False
2016-03-08,642291.4,2016,3,1,False,False
2016-03-09,694645.9,2016,3,2,False,False
2016-03-10,572491.9,2016,3,3,False,False
2016-03-11,664893.5,2016,3,4,False,False
2016-03-12,898101.1,2016,3,5,False,False
2016-03-13,954980.3,2016,3,6,False,False
2016-03-14,668066.4,2016,3,0,False,False
2016-03-15,668186.7,2016,3,1,False,True
2016-03-16,739805.4,2016,3,2,False,False
2016-03-17,580452.5,2016,3,3,False,False
2016-03-18,666756.8,2016,3,4,False,False
2016-03-19,895038.5,2016,3,5,False,False
2016-03-20,929605.56,2016,3,6,False,False
2016-03-21,690469.8,2016,3,0,False,False
2016-03-22,622695.8,2016,3,1,False,False
2016-03-23,714881.2,2016,3,2,False,False
2016-03-24,660489.9,2016,3,3,False,False
2016-03-25,633524.2,2016,3,4,False,False
2016-03-26,800133.5,2016,3,5,False,False
2016-03-27,833336.06,2016,3,6,False,False
2016-03-28,661057.9,2016,3,0,False,False
2016-03-29,621166.06,2016,3,1,False,False
2016-03-30,660139.0,2016,3,2,False,False
2016-03-31,617374.3,2016,3,3,True,True
2016-04-01,872467.3,2016,4,4,False,False
2016-04-02,1.1508246e+06,2016,4,5,False,False
2016-04-03,1.2669082e+06,2016,4,6,False,False
2016-04-04,795237.2,2016,4,0,False,False
2016-04-05,725750.1,2016,4,1,False,False
2016-04-06,744784.8,2016,4,2,False,False
2016-04-07,587939.7,2016,4,3,False,False
2016-04-08,689727.2,2016,4,4,False,False
2016-04-09,927981.4,2016,4,5,False,False
2016-04-10,1.00887675e+06,2016,4,6,False,False
2016-04-11,665348.94,2016,4,0,False,False
2016-04-12,651657.06,2016,4,1,False,False
2016-04-13,672611.5,2016,4,2,False,False
2016-04-14,546785.2,2016,4,3,False,False
2016-04-15,667606.3,2016,4,4,False,True
2016-04-16,862121.5,2016,4,5,False,False
2016-04-17,1.2718338e+06,2016,4,6,False,False
2016-04-18,1.3459206e+06,2016,4,0,False,False
2016-04-19,1.1520892e+06,2016,4,1,False,False
2016-04-20,1.0624262e+06,2016,4,2,False,False
2016-04-21,1.00107975e+06,2016,4,3,False,False
2016-04-22,857059.25,2016,4,4,False,False
2016-04-23,1.0221431e+06,2016,4,5,False,False
2016-04-24,1.03936994e+06,2016,4,6,False,False
2016-04-25,680000.75,2016,4,0,False,False
2016-04-26,704799.44,2016,4,1,False,False
2016-04-27,670288.1,2016,4,2,False,False
2016-04-28,543339.9,2016,4,3,False,False
2016-04-29,708711.44,2016,4,4,False,False
2016-04-30,1.0673358e+06,2016,4,5,True,True
2016-05-01,1.2701212e+06,2016,5,6,False,False
2016-05-02,973985.7,2016,5,0,False,False
2016-05-03,792205.56,2016,5,1,False,False
2016-05-04,798654.44,2016,5,2,False,False
2016-05-05,648701.6,2016,5,3,False,False
2016-05-06,761422.5,2016,5,4,False,False
2016-05-07,1.0711928e+06,2016,5,5,False,False
2016-05-08,820824.6,2016,5,6,False,False
2016-05-09,771767.6,2016,5,0,False,False
2016-05-10,693010.5,2016,5,1,False,False
2016-05-11,727543.44,2016,5,2,False,False
2016-05-12,603394.2,2016,5,3,False,False
2016-05-13,666833.9,2016,5,4,False,False
2016-05-14,932869.5,2016,5,5,False,False
2016-05-15,1.0703316e+06,2016,5,6,False,True
2016-05-16,748112.7,2016,5,0,False,False
2016-05-17,661930.8,2016,5,1,False,False
2016-05-18,671232.94,2016,5,2,False,False
2016-05-19,581470.56,2016,5,3,False,False
2016-05-20,706024.06,2016,5,4,False,False
2016-05-21,910757.2,2016,5,5,False,False
2016-05-22,1.0306716e+06,2016,5,6,False,False
2016-05-23,695004.7,2016,5,0,False,False
2016-05-24,606377.2,2016,5,1,False,False
2016-05-25,637512.06,2016,5,2,False,False
2016-05-26,571968.6,2016,5,3,False,False
2016-05-27,852689.25,2016,5,4,False,False
2016-05-28,816187.25,2016,5,5,False,False
2016-05-29,959853.7,2016,5,6,False,False
2016-05-30,752452.44,2016,5,0,False,False
2016-05-31,974328.0,2016,5,1,True,True
2016-06-01,811525.3,2016,6,2,False,False
2016-06-02,694535.94,2016,6,3,False,False
2016-06-03,742363.06,2016,6,4,False,False
2016-06-04,1.0119966e+06,2016,6,5,False,False
2016-06-05,1.1237344e+06,2016,6,6,False,False
2016-06-06,729894.25,2016,6,0,False,False
2016-06-07,658714.6,2016,6,1,False,False
2016-06-08,696747.56,2016,6,2,False,False
2016-06-09,547139.6,2016,6,3,False,False
2016-06-10,637354.3,2016,6,4,False,False
2016-06-11,845838.2,2016,6,5,False,False
2016-06-12,947479.75,2016,6,6,False,False
2016-06-13,685382.2,2016,6,0,False,False
2016-06-14,622267.75,2016,6,1,False,False
2016-06-15,708327.6,2016,6,2,False,True
2016-06-16,620526.25,2016,6,3,False,False
2016-06-17,737897.44,2016,6,4,False,False
2016-06-18,972971.1,2016,6,5,False,False
2016-06-19,837363.0,2016,6,6,False,False
2016-06-20,735754.4,2016,6,0,False,False
2016-06-21,679248.0,2016,6,1,False,False
2016-06-22,677730.6,2016,6,2,False,False
2016-06-23,559653.3,2016,6,3,False,False
2016-06-24,641812.7,2016,6,4,False,False
2016-06-25,860296.8,2016,6,5,False,False
2016-06-26,954344.7,2016,6,6,False,False
2016-06-27,684735.6,2016,6,0,False,False
2016-06-28,596948.94,2016,6,1,False,False
2016-06-29,632489.5,2016,6,2,False,False
2016-06-30,554144.9,2016,6,3,True,True
2016-07-01,857027.56,2016,7,4,False,False
2016-07-02,1.0784851e+06,2016,7,5,False,False
2016-07-03,1.1267138e+06,2016,7,6,False,False
2016-07-04,850891.6,2016,7,0,False,False
2016-07-05,728011.56,2016,7,1,False,False
2016-07-06,752110.94,2016,7,2,False,False
2016-07-07,591702.75,2016,7,3,False,False
2016-07-08,688563.4,2016,7,4,False,False
2016-07-09,868260.0,2016,7,5,False,False
2016-07-10,932486.3,2016,7,6,False,False
2016-07-11,688436.1,2016,7,0,False,False
2016-07-12,627039.75,2016,7,1,False,False
2016-07-13,642494.4,2016,7,2,False,False
2016-07-14,535124.3,2016,7,3,False,False
2016-07-15,675032.44,2016,7,4,False,True
2016-07-16,887192.9,2016,7,5,False,False
2016-07-17,932586.7,2016,7,6,False,False
2016-07-18,702619.75,2016,7,0,False,False
2016-07-19,633176.3,2016,7,1,False,False
2016-07-20,686848.9,2016,7,2,False,False
2016-07-21,578823.7,2016,7,3,False,False
2016-07-22,646633.6,2016,7,4,False,False
2016-07-23,822292.5,2016,7,5,False,False
2016-07-24,847867.7,2016,7,6,False,False
2016-07-25,697383.6,2016,7,0,False,False
2016-07-26,622771.94,2016,7,1,False,False
2016-07-27,651122.0,2016,7,2,False,False
2016-07-28,533256.25,2016,7,3,False,False
2016-07-29,669585.8,2016,7,4,False,False
2016-07-30,910213.9,2016,7,5,False,False
2016-07-31,997916.94,2016,7,6,True,True
2016-08-01,895580.4,2016,8,0,False,False
2016-08-02,777592.8,2016,8,1,False,False
2016-08-03,779844.8,2016,8,2,False,False
2016-08-04,622883.1,2016,8,3,False,False
2016-08-05,704092.75,2016,8,4,False,False
2016-08-06,858903.2,2016,8,5,False,False
2016-08-07,904321.44,2016,8,6,False,False
2016-08-08,715195.56,2016,8,0,False,False
2016-08-09,635539.0,2016,8,1,False,False
2016-08-10,658457.44,2016,8,2,False,False
2016-08-11,596729.25,2016,8,3,False,False
2016-08-12,745662.5,2016,8,4,False,False
2016-08-13,714905.94,2016,8,5,False,False
2016-08-14,761826.1,2016,8,6,False,False
2016-08-15,720032.3,2016,8,0,False,True
2016-08-16,718671.6,2016,8,1,False,False
2016-08-17,725945.7,2016,8,2,False,False
2016-08-18,577350.5,2016,8,3,False,False
2016-08-19,678767.1,2016,8,4,False,False
2016-08-20,828986.3,2016,8,5,False,False
2016-08-21,901870.1,2016,8,6,False,False
2016-08-22,714866.25,2016,8,0,False,False
2016-08-23,660820.0,2016,8,1,False,False
2016-08-24,674613.06,2016,8,2,False,False
2016-08-25,554421.5,2016,8,3,False,False
2016-08-26,646698.25,2016,8,4,False,False
2016-08-27,791047.56,2016,8,5,False,False
2016-08-28,858802.44,2016,8,6,False,False
2016-08-29,671845.75,2016,8,0,False,False
2016-08-30,624711.3,2016,8,1,False,False
2016-08-31,731430.1,2016,8,2,True,True
2016-09-01,718105.56,2016,9,3,False,False
2016-09-02,837129.56,2016,9,4,False,False
2016-09-03,1.0575812e+06,2016,9,5,False,False
2016-09-04,1.1099859e+06,2016,9,6,False,False
2016-09-05,813763.3,2016,9,0,False,False
2016-09-06,751583.0,2016,9,1,False,False
2016-09-07,738543.94,2016,9,2,False,False
2016-09-08,595849.3,2016,9,3,False,False
2016-09-09,658969.0,2016,9,4,False,False
2016-09-10,915938.56,2016,9,5,False,False
2016-09-11,1.01736925e+06,2016,9,6,False,False
2016-09-12,678776.44,2016,9,0,False,False
2016-09-13,603427.94,2016,9,1,False,False
2016-09-14,624262.06,2016,9,2,False,False
2016-09-15,568324.8,2016,9,3,False,True
2016-09-16,691912.6,2016,9,4,False,False
2016-09-17,899219.3,2016,9,5,False,False
2016-09-18,1.0186627e+06,2016,9,6,False,False
2016-09-19,681159.3,2016,9,0,False,False
2016-09-20,650980.3,2016,9,1,False,False
2016-09-21,666928.4,2016,9,2,False,False
2016-09-22,533276.3,2016,9,3,False,False
2016-09-23,663686.0,2016,9,4,False,False
2016-09-24,861830.4,2016,9,5,False,False
2016-09-25,952352.56,2016,9,6,False,False
2016-09-26,664217.44,2016,9,0,False,False
2016-09-27,587908.3,2016,9,1,False,False
2016-09-28,631761.2,2016,9,2,False,False
2016-09-29,520744.94,2016,9,3,False,False
2016-09-30,703198.5,2016,9,4,True,True
2016-10-01,1.1750336e+06,2016,10,5,False,False
2016-10-02,1.2564801e+06,2016,10,6,False,False
2016-10-03,833060.56,2016,10,0,False,False
2016-10-04,724113.1,2016,10,1,False,False
2016-10-05,749712.3,2016,10,2,False,False
2016-10-06,581429.3,2016,10,3,False,False
2016-10-07,797612.25,2016,10,4,False,False
2016-10-08,932551.7,2016,10,5,False,False
2016-10-09,1.0882515e+06,2016,10,6,False,False
2016-10-10,725312.9,2016,10,0,False,False
2016-10-11,625272.0,2016,10,1,False,False
2016-10-12,665126.06,2016,10,2,False,False
2016-10-13,558859.9,2016,10,3,False,False
2016-10-14,667954.2,2016,10,4,False,False
2016-10-15,890613.56,2016,10,5,False,True
2016-10-16,1.1045048e+06,2016,10,6,False,False
2016-10-17,710456.44,2016,10,0,False,False
2016-10-18,630638.56,2016,10,1,False,False
2016-10-19,647823.44,2016,10,2,False,False
2016-10-20,583001.25,2016,10,3,False,False
2016-10-21,669453.56,2016,10,4,False,False
2016-10-22,843626.44,2016,10,5,False,False
2016-10-23,1.0229537e+06,2016,10,6,False,False
2016-10-24,668507.6,2016,10,0,False,False
2016-10-25,610590.9,2016,10,1,False,False
2016-10-26,633413.9,2016,10,2,False,False
2016-10-27,544361.5,2016,10,3,False,False
2016-10-28,638838.25,2016,10,4,False,False
2016-10-29,841074.7,2016,10,5,False,False
2016-10-30,954838.2,2016,10,6,False,False
2016-10-31,654923.5,2016,10,0,True,True
2016-11-01,811832.44,2016,11,1,False,False
2016-11-02,969033.6,2016,11,2,False,False
2016-11-03,793811.7,2016,11,3,False,False
2016-11-04,858468.2,2016,11,4,False,False
2016-11-05,887751.3,2016,11,5,False,False
2016-11-06,1.1403671e+06,2016,11,6,False,False
2016-11-07,849451.06,2016,11,0,False,False
2016-11-08,767439.6,2016,11,1,False,False
2016-11-09,790276.8,2016,11,2,False,False
2016-11-10,588241.75,2016,11,3,False,False
2016-11-11,713396.44,2016,11,4,False,False
2016-11-12,929802.75,2016,11,5,False,False
2016-11-13,1.1889822e+06,2016,11,6,False,False
2016-11-14,735723.2,2016,11,0,False,False
2016-11-15,691801.6,2016,11,1,False,True
2016-11-16,830431.75,2016,11,2,False,False
2016-11-17,615228.25,2016,11,3,False,False
2016-11-18,738265.56,2016,11,4,False,False
2016-11-19,935656.0,2016,11,5,False,False
2016-11-20,1.125179e+06,2016,11,6,False,False
2016-11-21,773762.3,2016,11,0,False,False
2016-11-22,690281.25,2016,11,1,False,False
2016-11-23,753685.06,2016,11,2,False,False
2016-11-24,595457.3,2016,11,3,False,False
2016-11-25,737819.5,2016,11,4,False,False
2016-11-26,908066.8,2016,11,5,False,False
2016-11-27,1.0567216e+06,2016,11,6,False,False
2016-11-28,752583.75,2016,11,0,False,False
2016-11-29,645760.5,2016,11,1,False,False
2016-11-30,767361.7,2016,11,2,True,True
2016-12-01,843603.3,2016,12,3,False,False
2016-12-02,853454.94,2016,12,4,False,False
2016-12-03,1.1134406e+06,2016,12,5,False,False
2016-12-04,1.276195e+06,2016,12,6,False,False
2016-12-05,896824.94,2016,12,0,False,False
2016-12-06,932546.4,2016,12,1,False,False
2016-12-07,867653.75,2016,12,2,False,False
2016-12-08,674077.4,2016,12,3,False,False
2016-12-09,774941.94,2016,12,4,False,False
2016-12-10,920050.75,2016,12,5,False,False
2016-12-11,1.1193242e+06,2016,12,6,False,False
2016-12-12,844251.7,2016,12,0,False,False
2016-12-13,747161.6,2016,12,1,False,False
2016-12-14,829763.25,2016,12,2,False,False
2016-12-15,747641.2,2016,12,3,False,True
2016-12-16,918899.8,2016,12,4,False,False
2016-12-17,1.0716556e+06,2016,12,5,False,False
2016-12-18,1.2604719e+06,2016,12,6,False,False
2016-12-19,1.0282428e+06,2016,12,0,False,False
2016-12-20,1.0804024e+06,2016,12,1,False,False
2016-12-21,1.1813074e+06,2016,12,2,False,False
2016-12-22,1.1358494e+06,2016,12,3,False,False
2016-12-23,1.2821455e+06,2016,12,4,False,False
2016-12-24,1.2468379e+06,2016,12,5,False,False
2016-12-26,1.03277075e+06,2016,12,0,False,False
2016-12-27,842475.5,2016,12,1,False,False
2016-12-28,951533.7,2016,12,2,False,False
2016-12-29,894108.25,2016,12,3,False,False
2016-12-30,1.163643e+06,2016,12,4,False,False
2016-12-31,1.1090129e+06,2016,12,5,True,True
2017-01-01,12082.501,2017,1,6,False,False
2017-01-02,1.4023064e+06,2017,1,0,False,False
2017-01-03,1.1043771e+06,2017,1,1,False,False
2017-01-04,990093.44,2017,1,2,False,False
2017-01-05,777620.94,2017,1,3,False,False
2017-01-06,839600.25,2017,1,4,False,False
2017-01-07,1.1038062e+06,2017,1,5,False,False
2017-01-08,1.1925438e+06,2017,1,6,False,False
2017-01-09,793724.9,2017,1,0,False,False
2017-01-10,742635.56,2017,1,1,False,False
2017-01-11,770742.7,2017,1,2,False,False
2017-01-12,629635.8,2017,1,3,False,False
2017-01-13,768898.94,2017,1,4,False,False
2017-01-14,1.02105056e+06,2017,1,5,False,False
2017-01-15,1.1757251e+06,2017,1,6,False,True
2017-01-16,824488.7,2017,1,0,False,False
2017-01-17,750836.56,2017,1,1,False,False
2017-01-18,782656.0,2017,1,2,False,False
2017-01-19,606949.75,2017,1,3,False,False
2017-01-20,725703.7,2017,1,4,False,False
2017-01-21,1.0727218e+06,2017,1,5,False,False
2017-01-22,1.1482144e+06,2017,1,6,False,False
2017-01-23,798133.6,2017,1,0,False,False
2017-01-24,721275.75,2017,1,1,False,False
2017-01-25,744342.56,2017,1,2,False,False
2017-01-26,576515.56,2017,1,3,False,False
2017-01-27,722113.94,2017,1,4,False,False
2017-01-28,977850.4,2017,1,5,False,False
2017-01-29,1.075167e+06,2017,1,6,False,False
2017-01-30,698123.75,2017,1,0,False,False
2017-01-31,778222.3,2017,1,1,True,True
2017-02-01,961777.4,2017,2,2,False,False
2017-02-02,748882.75,2017,2,3,False,False
2017-02-03,834667.1,2017,2,4,False,False
2017-02-04,1.1327885e+06,2017,2,5,False,False
2017-02-05,1.1519876e+06,2017,2,6,False,False
2017-02-06,786672.4,2017,2,0,False,False
2017-02-07,739431.2,2017,2,1,False,False
2017-02-08,783605.4,2017,2,2,False,False
2017-02-09,624387.5,2017,2,3,False,False
2017-02-10,752207.25,2017,2,4,False,False
2017-02-11,944924.6,2017,2,5,False,False
2017-02-12,1.0748209e+06,2017,2,6,False,False
2017-02-13,794314.44,2017,2,0,False,False
2017-02-14,642613.2,2017,2,1,False,False
2017-02-15,745780.4,2017,2,2,False,True
2017-02-16,645968.25,2017,2,3,False,False
2017-02-17,758855.7,2017,2,4,False,False
2017-02-18,1.0633949e+06,2017,2,5,False,False
2017-02-19,858897.1,2017,2,6,False,False
2017-02-20,759120.06,2017,2,0,False,False
2017-02-21,717807.7,2017,2,1,False,False
2017-02-22,739388.06,2017,2,2,False,False
2017-02-23,675578.5,2017,2,3,False,False
2017-02-24,816197.5,2017,2,4,False,False
2017-02-25,1.02601125e+06,2017,2,5,False,False
2017-02-26,775709.0,2017,2,6,False,False
2017-02-27,744956.94,2017,2,0,False,False
2017-02-28,949366.8,2017,2,1,True,True
2017-03-01,1.0085217e+06,2017,3,2,False,False
2017-03-02,836225.2,2017,3,3,False,False
2017-03-03,882639.75,2017,3,4,False,False
2017-03-04,1.1257364e+06,2017,3,5,False,False
2017-03-05,1.1969838e+06,2017,3,6,False,False
2017-03-06,790143.25,2017,3,0,False,False
2017-03-07,761866.75,2017,3,1,False,False
2017-03-08,781046.7,2017,3,2,False,False
2017-03-09,653901.2,2017,3,3,False,False
2017-03-10,773855.3,2017,3,4,False,False
2017-03-11,1.00117444e+06,2017,3,5,False,False
2017-03-12,1.1460069e+06,2017,3,6,False,False
2017-03-13,754390.4,2017,3,0,False,False
2017-03-14,700998.06,2017,3,1,False,False
2017-03-15,815621.9,2017,3,2,False,True
2017-03-16,699108.2,2017,3,3,False,False
2017-03-17,812306.75,2017,3,4,False,False
2017-03-18,1.03890656e+06,2017,3,5,False,False
2017-03-19,1.1571406e+06,2017,3,6,False,False
2017-03-20,826428.94,2017,3,0,False,False
2017-03-21,746620.94,2017,3,1,False,False
2017-03-22,767880.8,2017,3,2,False,False
2017-03-23,670848.0,2017,3,3,False,False
2017-03-24,787914.1,2017,3,4,False,False
2017-03-25,1.0381393e+06,2017,3,5,False,False
2017-03-26,1.1015575e+06,2017,3,6,False,False
2017-03-27,784103.25,2017,3,0,False,False
2017-03-28,702943.94,2017,3,1,False,False
2017-03-29,824633.0,2017,3,2,False,False
2017-03-30,637624.3,2017,3,3,False,False
2017-03-31,878750.06,2017,3,4,True,True
2017-04-01,1.463084e+06,2017,4,5,False,False
2017-04-02,1.13865e+06,2017,4,6,False,False
2017-04-03,835191.6,2017,4,0,False,False
2017-04-04,835602.6,2017,4,1,False,False
2017-04-05,846631.3,2017,4,2,False,False
2017-04-06,683059.56,2017,4,3,False,False
2017-04-07,765502.2,2017,4,4,False,False
2017-04-08,988591.5,2017,4,5,False,False
2017-04-09,1.1017136e+06,2017,4,6,False,False
2017-04-10,739392.1,2017,4,0,False,False
2017-04-11,741331.44,2017,4,1,False,False
2017-04-12,791762.3,2017,4,2,False,False
2017-04-13,737029.56,2017,4,3,False,False
2017-04-14,740889.5,2017,4,4,False,False
2017-04-15,898610.2,2017,4,5,False,True
2017-04-16,985493.8,2017,4,6,False,False
2017-04-17,775916.9,2017,4,0,False,False
2017-04-18,717196.3,2017,4,1,False,False
2017-04-19,735733.2,2017,4,2,False,False
2017-04-20,675804.0,2017,4,3,False,False
2017-04-21,795795.9,2017,4,4,False,False
2017-04-22,974952.8,2017,4,5,False,False
2017-04-23,1.1400702e+06,2017,4,6,False,False
2017-04-24,755072.56,2017,4,0,False,False
2017-04-25,718996.06,2017,4,1,False,False
2017-04-26,781159.3,2017,4,2,False,False
2017-04-27,624910.0,2017,4,3,False,False
2017-04-28,797636.6,2017,4,4,False,False
2017-04-29,1.0682799e+06,2017,4,5,False,False
2017-04-30,1.04124925e+06,2017,4,6,True,True
2017-05-01,1.3066994e+06,2017,5,0,False,False
2017-05-02,907324.1,2017,5,1,False,False
2017-05-03,924247.25,2017,5,2,False,False
2017-05-04,716654.6,2017,5,3,False,False
2017-05-05,780798.4,2017,5,4,False,False
2017-05-06,1.0394179e+06,2017,5,5,False,False
2017-05-07,1.2273806e+06,2017,5,6,False,False
2017-05-08,776307.5,2017,5,0,False,False
2017-05-09,715811.2,2017,5,1,False,False
2017-05-10,766101.9,2017,5,2,False,False
2017-05-11,648650.44,2017,5,3,False,False
2017-05-12,764812.44,2017,5,4,False,False
2017-05-13,1.1169769e+06,2017,5,5,False,False
2017-05-14,884199.94,2017,5,6,False,False
2017-05-15,823035.56,2017,5,0,False,True
2017-05-16,807803.9,2017,5,1,False,False
2017-05-17,841407.6,2017,5,2,False,False
2017-05-18,628488.0,2017,5,3,False,False
2017-05-19,773775.44,2017,5,4,False,False
2017-05-20,1.0356674e+06,2017,5,5,False,False
2017-05-21,1.2019389e+06,2017,5,6,False,False
2017-05-22,778935.1,2017,5,0,False,False
2017-05-23,723151.75,2017,5,1,False,False
2017-05-24,746303.6,2017,5,2,False,False
2017-05-25,620108.25,2017,5,3,False,False
2017-05-26,984511.1,2017,5,4,False,False
2017-05-27,932219.9,2017,5,5,False,False
2017-05-28,1.0617716e+06,2017,5,6,False,False
2017-05-29,776813.1,2017,5,0,False,False
2017-05-30,742471.25,2017,5,1,False,False
2017-05-31,858062.1,2017,5,2,True,True
2017-06-01,766859.2,2017,6,3,False,False
2017-06-02,918421.3,2017,6,4,False,False
2017-06-03,1.1761381e+06,2017,6,5,False,False
2017-06-04,1.3765115e+06,2017,6,6,False,False
2017-06-05,912693.9,2017,6,0,False,False
2017-06-06,805546.6,2017,6,1,False,False
2017-06-07,842979.8,2017,6,2,False,False
2017-06-08,667099.8,2017,6,3,False,False
2017-06-09,795116.1,2017,6,4,False,False
2017-06-10,993732.7,2017,6,5,False,False
2017-06-11,1.213674e+06,2017,6,6,False,False
2017-06-12,768349.75,2017,6,0,False,False
2017-06-13,729412.94,2017,6,1,False,False
2017-06-14,785885.94,2017,6,2,False,False
2017-06-15,660338.4,2017,6,3,False,True
2017-06-16,834786.44,2017,6,4,False,False
2017-06-17,1.0961335e+06,2017,6,5,False,False
2017-06-18,965144.1,2017,6,6,False,False
2017-06-19,791146.4,2017,6,0,False,False
2017-06-20,787326.7,2017,6,1,False,False
2017-06-21,766159.0,2017,6,2,False,False
2017-06-22,609868.8,2017,6,3,False,False
2017-06-23,761049.75,2017,6,4,False,False
2017-06-24,963268.25,2017,6,5,False,False
2017-06-25,1.0926109e+06,2017,6,6,False,False
2017-06-26,755367.8,2017,6,0,False,False
2017-06-27,682218.44,2017,6,1,False,False
2017-06-28,731897.0,2017,6,2,False,False
2017-06-29,630811.8,2017,6,3,False,False
2017-06-30,802273.1,2017,6,4,True,True
2017-07-01,1.2075299e+06,2017,7,5,False,False
2017-07-02,1.2963792e+06,2017,7,6,False,False
2017-07-03,925143.4,2017,7,0,False,False
2017-07-04,832359.3,2017,7,1,False,False
2017-07-05,844301.6,2017,7,2,False,False
2017-07-06,700272.0,2017,7,3,False,False
2017-07-07,805792.3,2017,7,4,False,False
2017-07-08,998347.2,2017,7,5,False,False
2017-07-09,1.1008334e+06,2017,7,6,False,False
2017-07-10,804158.9,2017,7,0,False,False
2017-07-11,730534.75,2017,7,1,False,False
2017-07-12,748800.0,2017,7,2,False,False
2017-07-13,629651.4,2017,7,3,False,False
2017-07-14,765489.6,2017,7,4,False,False
2017-07-15,969077.1,2017,7,5,False,True
2017-07-16,1.1008038e+06,2017,7,6,False,False
2017-07-17,818325.5,2017,7,0,False,False
2017-07-18,730133.7,2017,7,1,False,False
2017-07-19,767978.75,2017,7,2,False,False
2017-07-20,688288.06,2017,7,3,False,False
2017-07-21,782418.3,2017,7,4,False,False
2017-07-22,932902.06,2017,7,5,False,False
2017-07-23,1.02428875e+06,2017,7,6,False,False
2017-07-24,816564.3,2017,7,0,False,False
2017-07-25,713581.6,2017,7,1,False,False
2017-07-26,740653.06,2017,7,2,False,False
2017-07-27,659849.8,2017,7,3,False,False
2017-07-28,835099.7,2017,7,4,False,False
2017-07-29,1.0323109e+06,2017,7,5,False,False
2017-07-30,1.1237525e+06,2017,7,6,False,False
2017-07-31,885856.8,2017,7,0,True,True
2017-08-01,988527.75,2017,8,1,False,False
2017-08-02,964712.0,2017,8,2,False,False
2017-08-03,728068.5,2017,8,3,False,False
2017-08-04,827775.7,2017,8,4,False,False
2017-08-05,965693.6,2017,8,5,False,False
2017-08-06,1.0495591e+06,2017,8,6,False,False
2017-08-07,797464.94,2017,8,0,False,False
2017-08-08,717766.4,2017,8,1,False,False
2017-08-09,734139.7,2017,8,2,False,False
2017-08-10,651386.94,2017,8,3,False,False
2017-08-11,826373.75,2017,8,4,False,False
2017-08-12,792630.56,2017,8,5,False,False
2017-08-13,865639.7,2017,8,6,False,False
2017-08-14,760922.44,2017,8,0,False,False
2017-08-15,762661.94,2017,8,1,False,True
